{"a":{"c":{"c":{"l":{"a":{"i":{"m":{"e":{"d":{" ":{"c":{"o":{"n":{"t":{"e":{"n":{"d":{"e":{"r":{"$":{}}}}}}}}}}}}}}}}}}},"n":{"i":{"m":{"a":{"t":{"i":{"n":{"g":{" ":{"f":{"a":{"e":{"r":{"i":{"e":{"$":{}}}}}}}}}}}}}}}},"r":{"c":{"a":{"n":{"e":{" ":{"s":{"i":{"g":{"n":{"e":{"t":{"$":{}}}}}}}}}}}},"d":{"e":{"n":{"v":{"a":{"l":{"e":{" ":{"t":{"a":{"c":{"t":{"i":{"c":{"i":{"a":{"n":{"$":{}}}}}}}}}}}}}}}}}}},"y":{"a":{"r":{"a":{",":{" ":{"f":{"i":{"r":{"s":{"t":{" ":{"o":{"f":{" ":{"l":{"o":{"c":{"t":{"h":{"w":{"a":{"i":{"n":{"$":{}}}}}}}}}}}}}}}}}}}}}}}}}},"b":{"e":{"a":{"n":{"s":{"t":{"a":{"l":{"k":{" ":{"g":{"i":{"a":{"n":{"t":{"$":{}}}}}}}}}}}}}}},"l":{"a":{"c":{"k":{"l":{"a":{"n":{"c":{"e":{" ":{"p":{"a":{"r":{"a":{"g":{"o":{"n":{"$":{}}}}}}}}}}}}}}}}}},"o":{"n":{"e":{"c":{"r":{"u":{"s":{"h":{"e":{"r":{" ":{"g":{"i":{"a":{"n":{"t":{"$":{}}}}}}}}}}}}}}}}},"r":{"a":{"z":{"e":{"n":{" ":{"b":{"o":{"r":{"r":{"o":{"w":{"e":{"r":{"$":{}}}}}}}}}}}}}}}},"c":{"a":{"s":{"t":{"l":{"e":{" ":{"a":{"r":{"d":{"e":{"n":{"v":{"a":{"l":{"e":{"$":{}}}}}}}}}},"e":{"m":{"b":{"e":{"r":{"e":{"t":{"h":{"$":{}}}}}}}}},"g":{"a":{"r":{"e":{"n":{"b":{"r":{"i":{"g":{"$":{}}}}}}}}}},"l":{"o":{"c":{"t":{"h":{"w":{"a":{"i":{"n":{"$":{}}}}}}}}}},"v":{"a":{"n":{"t":{"r":{"e":{"s":{"s":{"$":{}}}}}}}}}}}}}}},"h":{"a":{"r":{"m":{"i":{"n":{"g":{" ":{"p":{"r":{"i":{"n":{"c":{"e":{"$":{}}}}}}}}}}}}}}},"l":{"a":{"c":{"k":{"b":{"r":{"i":{"d":{"g":{"e":{" ":{"t":{"r":{"o":{"l":{"l":{"$":{}}}}}}}}}}}}}}}}},"o":{"m":{"m":{"a":{"n":{"d":{" ":{"t":{"o":{"w":{"e":{"r":{"$":{}}}}}}}}}}}}},"u":{"r":{"i":{"o":{"u":{"s":{" ":{"p":{"a":{"i":{"r":{"$":{}}}}}}}}}}}}},"d":{"a":{"n":{"c":{"e":{" ":{"o":{"f":{" ":{"t":{"h":{"e":{" ":{"m":{"a":{"n":{"s":{"e":{"$":{}}}}}}}}}}}}}}}}}},"o":{"o":{"m":{" ":{"f":{"o":{"r":{"e":{"t":{"o":{"l":{"d":{"$":{}}}}}}}}}}}}}},"e":{"m":{"b":{"e":{"r":{"c":{"l":{"e":{"a":{"v":{"e":{"$":{}}}}}}},"e":{"t":{"h":{" ":{"s":{"h":{"i":{"e":{"l":{"d":{"b":{"r":{"e":{"a":{"k":{"e":{"r":{"$":{}}}}}}}}}}}}}}}}}}}}},"r":{"y":{",":{" ":{"l":{"u":{"r":{"k":{"e":{"r":{" ":{"o":{"f":{" ":{"t":{"h":{"e":{" ":{"l":{"o":{"c":{"h":{"$":{}}}}}}}}}}}}}}}}}}}}}}}},"s":{"c":{"a":{"p":{"e":{" ":{"t":{"o":{" ":{"t":{"h":{"e":{" ":{"w":{"i":{"l":{"d":{"s":{"$":{}}}}}}}}}}}}}}}}}}}},"f":{"a":{"b":{"l":{"e":{"d":{" ":{"p":{"a":{"s":{"s":{"a":{"g":{"e":{"$":{}}}}}}}}}}}}},"e":{" ":{"o":{"f":{" ":{"w":{"i":{"s":{"h":{"e":{"s":{"$":{}}}}}}}}}}},"b":{"u":{"r":{"r":{"o":{"w":{" ":{"e":{"l":{"d":{"e":{"r":{"$":{}}}}}}}}}}}}},"r":{"i":{"e":{" ":{"g":{"u":{"i":{"d":{"e":{"m":{"o":{"t":{"h":{"e":{"r":{"$":{}}}}}}}}}}}}}}}}}},"e":{"a":{"s":{"t":{"i":{"n":{"g":{" ":{"t":{"r":{"o":{"l":{"l":{" ":{"k":{"i":{"n":{"g":{"$":{}}}}}}}}}}}}}}}}}},"r":{"v":{"e":{"n":{"t":{" ":{"c":{"h":{"a":{"m":{"p":{"i":{"o":{"n":{"$":{}}}}}}}}}}}}}}}},"i":{"r":{"e":{"s":{" ":{"o":{"f":{" ":{"i":{"n":{"v":{"e":{"n":{"t":{"i":{"o":{"n":{"$":{}}}}}}}}}}}}}}}}}},"l":{"a":{"x":{"e":{"n":{" ":{"i":{"n":{"t":{"r":{"u":{"d":{"e":{"r":{"$":{}}}}}}}}}}}}}}},"o":{"l":{"i":{"o":{" ":{"o":{"f":{" ":{"f":{"a":{"n":{"c":{"i":{"e":{"s":{"$":{}}}}}}}}}}}}}}},"u":{"l":{"m":{"i":{"r":{"e":{" ":{"k":{"n":{"i":{"g":{"h":{"t":{"$":{}}}}}}}}}}}}}}}},"g":{"a":{"d":{"w":{"i":{"c":{"k":{",":{" ":{"t":{"h":{"e":{" ":{"w":{"i":{"z":{"e":{"n":{"e":{"d":{"$":{}}}}}}}}}}}}}}}}}}},"r":{"e":{"n":{"b":{"r":{"i":{"g":{" ":{"c":{"a":{"r":{"v":{"e":{"r":{"$":{}}}}}}}}}}}}}},"r":{"u":{"k":{",":{" ":{"c":{"u":{"r":{"s":{"e":{"d":{" ":{"h":{"u":{"n":{"t":{"s":{"m":{"a":{"n":{"$":{}}}}}}}}}}}}}}}}}}}}}}},"i":{"a":{"n":{"t":{" ":{"k":{"i":{"l":{"l":{"e":{"r":{"$":{}}}}}}}}}}},"l":{"d":{"e":{"d":{" ":{"g":{"o":{"o":{"s":{"e":{"$":{}}}}}}}}}}}},"l":{"a":{"s":{"s":{" ":{"c":{"a":{"s":{"k":{"e":{"t":{"$":{}}}}}}}}}}}}},"h":{"a":{"p":{"p":{"i":{"l":{"y":{" ":{"e":{"v":{"e":{"r":{" ":{"a":{"f":{"t":{"e":{"r":{"$":{}}}}}}}}}}}}}}}}},"r":{"m":{"o":{"n":{"i":{"o":{"u":{"s":{" ":{"a":{"r":{"c":{"h":{"o":{"n":{"$":{}}}}}}}}}}}}}}}}},"u":{"s":{"h":{"b":{"r":{"i":{"n":{"g":{"e":{"r":{"$":{}}}}}}}}}}},"y":{"p":{"n":{"o":{"t":{"i":{"c":{" ":{"s":{"p":{"r":{"i":{"t":{"e":{"$":{}}}}}}}}}}}}}}}},"i":{"m":{"p":{"r":{"o":{"b":{"a":{"b":{"l":{"e":{" ":{"a":{"l":{"l":{"i":{"a":{"n":{"c":{"e":{"$":{}}}}}}}}}}}}}}}}}}},"n":{"s":{"p":{"i":{"r":{"i":{"n":{"g":{" ":{"v":{"e":{"t":{"e":{"r":{"a":{"n":{"$":{}}}}}}}}}}}}}}}}},"r":{"e":{"n":{"c":{"r":{"a":{"g":{" ":{"f":{"e":{"a":{"t":{"$":{}}}}},"p":{"y":{"r":{"o":{"m":{"a":{"n":{"c":{"e":{"r":{"$":{}}}}}}}}}}}}}}}}}}}},"k":{"e":{"n":{"r":{"i":{"t":{"h":{"'":{"s":{" ":{"t":{"r":{"a":{"n":{"s":{"f":{"o":{"r":{"m":{"a":{"t":{"i":{"o":{"n":{"$":{}}}}}}}}}}}}}}}}}}}}}}}}},"l":{"i":{"n":{"d":{"e":{"n":{",":{" ":{"t":{"h":{"e":{" ":{"s":{"t":{"e":{"a":{"d":{"f":{"a":{"s":{"t":{" ":{"q":{"u":{"e":{"e":{"n":{"$":{}}}}}}}}}}}}}}}}}}}}}}}}}}},"o":{"c":{"h":{"m":{"e":{"r":{"e":{" ":{"s":{"e":{"r":{"p":{"e":{"n":{"t":{"$":{}}}}}}}}}}}}}}},"n":{"e":{"s":{"o":{"m":{"e":{" ":{"u":{"n":{"i":{"c":{"o":{"r":{"n":{"$":{}}}}}}}}}}}}}}},"v":{"e":{"s":{"t":{"r":{"u":{"c":{"k":{" ":{"b":{"e":{"a":{"s":{"t":{"$":{}}}}}}}}}}}}}}}}},"m":{"e":{"r":{"c":{"h":{"a":{"n":{"t":{" ":{"o":{"f":{" ":{"t":{"h":{"e":{" ":{"v":{"a":{"l":{"e":{"$":{}}}}}}}}}}}}}}}}}},"f":{"o":{"l":{"k":{" ":{"s":{"e":{"c":{"r":{"e":{"t":{"k":{"e":{"e":{"p":{"e":{"r":{"$":{}}}}}}}}}}}}}}}}}}}},"i":{"d":{"n":{"i":{"g":{"h":{"t":{" ":{"c":{"l":{"o":{"c":{"k":{"$":{}}}}}}}}}}}}},"r":{"r":{"o":{"r":{"m":{"a":{"d":{"e":{"$":{}}}}}}}}}},"u":{"r":{"d":{"e":{"r":{"o":{"u":{"s":{" ":{"r":{"i":{"d":{"e":{"r":{"$":{}}}}}}}}}}}}}}}},"o":{"a":{"k":{"h":{"a":{"m":{"e":{" ":{"r":{"a":{"n":{"g":{"e":{"r":{"$":{}}}}}}}}}}}}},"t":{"h":{"s":{"w":{"o":{"r":{"n":{" ":{"k":{"n":{"i":{"g":{"h":{"t":{"$":{}}}}}}}}}}}}}}}},"k":{"o":{",":{" ":{"t":{"h":{"i":{"e":{"f":{" ":{"o":{"f":{" ":{"c":{"r":{"o":{"w":{"n":{"s":{"$":{}}}}}}}}}}}}}}}}}}}},"n":{"c":{"e":{" ":{"u":{"p":{"o":{"n":{" ":{"a":{" ":{"t":{"i":{"m":{"e":{"$":{}}}}}}}}}}}}}}}},"p":{"p":{"o":{"r":{"t":{"u":{"n":{"i":{"s":{"t":{"i":{"c":{" ":{"d":{"r":{"a":{"g":{"o":{"n":{"$":{}}}}}}}}}}}}}}}}}}}},"r":{"d":{"e":{"r":{" ":{"o":{"f":{" ":{"m":{"i":{"d":{"n":{"i":{"g":{"h":{"t":{"$":{}}}}}}}}}}}}}}}}},"u":{"t":{"l":{"a":{"w":{"s":{"'":{" ":{"m":{"e":{"r":{"r":{"i":{"m":{"e":{"n":{"t":{"$":{}}}}}}}}}}}}}}}}}}},"p":{"i":{"p":{"e":{"r":{" ":{"o":{"f":{" ":{"t":{"h":{"e":{" ":{"s":{"w":{"a":{"r":{"m":{"$":{}}}}}}}}}}}}}}}}}}},"q":{"u":{"e":{"e":{"n":{" ":{"o":{"f":{" ":{"i":{"c":{"e":{"$":{}}}}}}}}}},"s":{"t":{"i":{"n":{"g":{" ":{"b":{"e":{"a":{"s":{"t":{"$":{}}}}}}}}}}}}}}},"r":{"a":{"n":{"k":{"l":{"e":{",":{" ":{"m":{"a":{"s":{"t":{"e":{"r":{" ":{"o":{"f":{" ":{"p":{"r":{"a":{"n":{"k":{"s":{"$":{}}}}}}}}}}}}}}}}}}}}}}}},"e":{"a":{"l":{"m":{"-":{"c":{"l":{"o":{"a":{"k":{"e":{"d":{" ":{"g":{"i":{"a":{"n":{"t":{"$":{}}}}}}}}}}}}}}}}},"p":{"e":{"r":{" ":{"o":{"f":{" ":{"n":{"i":{"g":{"h":{"t":{"$":{}}}}}}}}}}}}}},"t":{"u":{"r":{"n":{" ":{"o":{"f":{" ":{"t":{"h":{"e":{" ":{"w":{"i":{"l":{"d":{"s":{"p":{"e":{"a":{"k":{"e":{"r":{"$":{}}}}}}}}}}}}}}}}}}}}}}}}},"i":{"m":{"r":{"o":{"c":{"k":{" ":{"k":{"n":{"i":{"g":{"h":{"t":{"$":{}}}}}}}}}}}}}},"o":{"b":{"b":{"e":{"r":{" ":{"o":{"f":{" ":{"t":{"h":{"e":{" ":{"r":{"i":{"c":{"h":{"$":{}}}}}}}}}}}}}}}}},"s":{"e":{"t":{"h":{"o":{"r":{"n":{" ":{"a":{"c":{"o":{"l":{"y":{"t":{"e":{"$":{}}}}}}}}}}}}}}}}}},"s":{"h":{"e":{"p":{"h":{"e":{"r":{"d":{" ":{"o":{"f":{" ":{"t":{"h":{"e":{" ":{"f":{"l":{"o":{"c":{"k":{"$":{}}}}}}}}}}}}}}}}}}}}},"i":{"l":{"v":{"e":{"r":{"f":{"l":{"a":{"m":{"e":{" ":{"s":{"q":{"u":{"i":{"r":{"e":{"$":{}}}}}}}}}}}}}}}}}},"l":{"a":{"y":{"i":{"n":{"g":{" ":{"f":{"i":{"r":{"e":{"$":{}}}}}}}}}}}},"m":{"i":{"t":{"t":{"e":{"n":{" ":{"s":{"w":{"o":{"r":{"d":{"m":{"a":{"s":{"t":{"e":{"r":{"$":{}}}}}}}}}}}}}}}}}}},"o":{"r":{"c":{"e":{"r":{"o":{"u":{"s":{" ":{"s":{"p":{"y":{"g":{"l":{"a":{"s":{"s":{"$":{}}}}}}}}}}}}}}}}}},"t":{"o":{"l":{"e":{"n":{" ":{"b":{"y":{" ":{"t":{"h":{"e":{" ":{"f":{"a":{"e":{"$":{}}}}}}}}}}}}}}},"n":{"e":{"c":{"o":{"i":{"l":{" ":{"s":{"e":{"r":{"p":{"e":{"n":{"t":{"$":{}}}}}}}}}}}}}}},"r":{"m":{"f":{"i":{"s":{"t":{" ":{"c":{"r":{"u":{"s":{"a":{"d":{"e":{"r":{"$":{}}}}}}}}}}}}}}}}}},"u":{"n":{"d":{"e":{"r":{"i":{"n":{"g":{" ":{"s":{"t":{"r":{"o":{"k":{"e":{"$":{}}}}}}}}}}}}}}}}},"t":{"h":{"e":{" ":{"c":{"a":{"u":{"l":{"d":{"r":{"o":{"n":{" ":{"o":{"f":{" ":{"e":{"t":{"e":{"r":{"n":{"i":{"t":{"y":{"$":{}}}}}}}}}}}}}}}}}}}},"i":{"r":{"c":{"l":{"e":{" ":{"o":{"f":{" ":{"l":{"o":{"y":{"a":{"l":{"t":{"y":{"$":{}}}}}}}}}}}}}}}}}},"g":{"r":{"e":{"a":{"t":{" ":{"h":{"e":{"n":{"g":{"e":{"$":{}}}}}}}}}}}},"m":{"a":{"g":{"i":{"c":{" ":{"m":{"i":{"r":{"r":{"o":{"r":{"$":{}}}}}}}}}}}}},"r":{"o":{"y":{"a":{"l":{" ":{"s":{"c":{"i":{"o":{"n":{"s":{"$":{}}}}}}}}}}}}}}}},"o":{"m":{"e":{" ":{"o":{"f":{" ":{"l":{"e":{"g":{"e":{"n":{"d":{"s":{"$":{}}}}}}}}}}}}}},"r":{"b":{"r":{"a":{"n":{",":{" ":{"t":{"h":{"a":{"n":{"e":{" ":{"o":{"f":{" ":{"r":{"e":{"d":{" ":{"f":{"e":{"l":{"l":{"$":{}}}}}}}}}}}}}}}}}}}}}}}}}},"u":{"i":{"n":{"v":{"a":{"l":{"e":{" ":{"t":{"r":{"e":{"e":{"f":{"o":{"l":{"k":{"$":{}}}}}}}}}}}}}}}}}},"v":{"a":{"n":{"t":{"r":{"e":{"s":{"s":{" ":{"g":{"a":{"r":{"g":{"o":{"y":{"l":{"e":{"$":{}}}}}}}}}}}}}}}}}},"w":{"i":{"c":{"k":{"e":{"d":{" ":{"w":{"o":{"l":{"f":{"$":{}}}}}}}}}},"l":{"d":{"b":{"o":{"r":{"n":{" ":{"p":{"r":{"e":{"s":{"e":{"r":{"v":{"e":{"r":{"$":{}}}}}}}}}}}}}}}}},"s":{"h":{"c":{"l":{"a":{"w":{" ":{"t":{"a":{"l":{"i":{"s":{"m":{"a":{"n":{"$":{}}}}}}}}}}}}}}}},"t":{"c":{"h":{"'":{"s":{" ":{"v":{"e":{"n":{"g":{"e":{"a":{"n":{"c":{"e":{"$":{}}}}}}}}}}}}}}}}},"o":{"r":{"t":{"h":{"y":{" ":{"k":{"n":{"i":{"g":{"h":{"t":{"$":{}}}}}}}}}}}}}},"y":{"o":{"r":{"v":{"o":{",":{" ":{"l":{"o":{"r":{"d":{" ":{"o":{"f":{" ":{"g":{"a":{"r":{"e":{"n":{"b":{"r":{"i":{"g":{"$":{}}}}}}}}}}}}}}}}}}}}}}}}}}