{"inspiring veteran":{"image_normal":"https://c1.scryfall.com/file/scryfall-cards/normal/front/0/c/0c3f372d-259d-4a31-9491-2d369b3f3f8b.jpg?1572490775"},"improbable alliance":{"image_normal":"https://c1.scryfall.com/file/scryfall-cards/normal/front/0/4/0461867b-ec35-4d37-a398-5247e06c4afe.jpg?1572490770"},"kenrith's transformation":{"image_normal":"https://c1.scryfall.com/file/scryfall-cards/normal/front/6/d/6da7cd39-1f8a-4f68-adb7-df2beac02263.jpg?1572490600"},"slaying fire":{"image_normal":"https://c1.scryfall.com/file/scryfall-cards/normal/front/8/3/83b5b110-c430-4ffe-9fc1-8e6987f52d1e.jpg?1572490469"},"glass casket":{"image_normal":"https://c1.scryfall.com/file/scryfall-cards/normal/front/5/6/562f1c51-d245-4771-bf61-415297e4f9d5.jpg?1572489690"},"piper of the swarm":{"image_normal":"https://c1.scryfall.com/file/scryfall-cards/normal/front/0/a/0a7962fe-b715-4981-86c3-223bad9b1899.jpg?1573503584"},"fabled passage":{"image_normal":"https://c1.scryfall.com/file/scryfall-cards/normal/front/b/8/b841bfa8-7c17-4df2-8466-780ab9a4a53a.jpg?1572491204"},"castle vantress":{"image_normal":"https://c1.scryfall.com/file/scryfall-cards/normal/front/0/a/0a8b9d37-e89c-44ad-bd1b-51cb06ec3e0b.jpg?1572491190"},"castle locthwain":{"image_normal":"https://c1.scryfall.com/file/scryfall-cards/normal/front/1/9/195383c1-4723-40b0-ba53-298dfd8e30d0.jpg?1572491183"},"castle garenbrig":{"image_normal":"https://c1.scryfall.com/file/scryfall-cards/normal/front/e/3/e3c2c66c-f7f0-41d5-a805-a129aeaf1b75.jpg?1572491176"},"castle embereth":{"image_normal":"https://c1.scryfall.com/file/scryfall-cards/normal/front/8/b/8bb8512e-6913-4be6-8828-24cfcbec042e.jpg?1572491168"},"castle ardenvale":{"image_normal":"https://c1.scryfall.com/file/scryfall-cards/normal/front/7/f/7f910495-8bd7-4134-a281-c16fd666d5cc.jpg?1572491161"},"stonecoil serpent":{"image_normal":"https://c1.scryfall.com/file/scryfall-cards/normal/front/b/3/b34bf7fd-9fe3-43e2-8cfe-7ce7cff08afe.jpg?1572491124"},"sorcerous spyglass":{"image_normal":"https://c1.scryfall.com/file/scryfall-cards/normal/front/8/5/85506a24-8d60-475c-9f43-65994caca7d4.jpg?1564096143"},"stormfist crusader":{"image_normal":"https://c1.scryfall.com/file/scryfall-cards/normal/front/2/7/27425f2e-e0b2-489d-877d-8257d2026bfd.jpg?1572490842"},"outlaws' merriment":{"image_normal":"https://c1.scryfall.com/file/scryfall-cards/normal/front/5/d/5d7585ab-a364-471c-8ef1-318e459b4020.jpg?1572490798"},"lochmere serpent":{"image_normal":"https://c1.scryfall.com/file/scryfall-cards/normal/front/3/2/3287beea-747c-4cb6-aea5-051e85c5de8d.jpg?1572490781"},"faeburrow elder":{"image_normal":"https://c1.scryfall.com/file/scryfall-cards/normal/front/1/c/1ca29912-88b1-413f-ad9d-63d7d1b1ca16.jpg?1572490752"},"escape to the wilds":{"image_normal":"https://c1.scryfall.com/file/scryfall-cards/normal/front/3/e/3e26c10b-179f-4a6e-bc8d-3ec1d6783fb9.jpg?1602499769"},"doom foretold":{"image_normal":"https://c1.scryfall.com/file/scryfall-cards/normal/front/e/7/e76c0c83-3e87-474d-bc72-1677eed32cfa.jpg?1572490732"},"dance of the manse":{"image_normal":"https://c1.scryfall.com/file/scryfall-cards/normal/front/5/d/5dca90ef-1c17-4dcc-9fef-dab9ee92f590.jpg?1572490726"},"yorvo, lord of garenbrig":{"image_normal":"https://c1.scryfall.com/file/scryfall-cards/normal/front/a/e/ae2998a1-1713-467e-a08e-0efd8720aa5b.jpg?1572490720"},"wildborn preserver":{"image_normal":"https://c1.scryfall.com/file/scryfall-cards/normal/front/5/5/55f76830-369e-4224-9ded-7d1ce04c87e4.jpg?1572490704"},"wicked wolf":{"image_normal":"https://c1.scryfall.com/file/scryfall-cards/normal/front/0/9/09476eac-55d2-4955-8951-ae4ce117c98b.jpg?1572490698"},"return of the wildspeaker":{"image_normal":"https://c1.scryfall.com/file/scryfall-cards/normal/front/b/8/b88a4943-bd1b-4d10-9cd3-b2ab91b25c10.jpg?1572490646"},"questing beast":{"image_normal":"https://c1.scryfall.com/file/scryfall-cards/normal/front/e/4/e41cf82d-3213-47ce-a015-6e51a8b07e4f.jpg?1572490640"},"once upon a time":{"image_normal":"https://c1.scryfall.com/file/scryfall-cards/normal/front/4/0/4034e5ba-9974-43e3-bde7-8d9b4586c3a4.jpg?1583750155"},"the great henge":{"image_normal":"https://c1.scryfall.com/file/scryfall-cards/normal/front/a/f/af915ed2-1f34-43f6-85f5-2430325b720f.jpg?1572490580"},"gilded goose":{"image_normal":"https://c1.scryfall.com/file/scryfall-cards/normal/front/3/0/30377bf0-d9b1-4c14-8dde-f74b1e02d604.jpg?1572490572"},"feasting troll king":{"image_normal":"https://c1.scryfall.com/file/scryfall-cards/normal/front/9/a/9a6bb435-1205-416a-a5a0-ca6d37b4dcb2.jpg?1572490524"},"torbran, thane of red fell":{"image_normal":"https://c1.scryfall.com/file/scryfall-cards/normal/front/7/9/79f591cd-d277-4ba5-b1bf-1c09cac9cb8a.jpg?1572490491"},"sundering stroke":{"image_normal":"https://c1.scryfall.com/file/scryfall-cards/normal/front/2/4/24b7a774-ca49-4291-8a19-cb5e475b10d5.jpg?1572490475"},"robber of the rich":{"image_normal":"https://c1.scryfall.com/file/scryfall-cards/normal/front/0/e/0ecbe097-ba51-42e5-957c-382eb66c08f0.jpg?1572490437"},"opportunistic dragon":{"image_normal":"https://c1.scryfall.com/file/scryfall-cards/normal/front/3/f/3fa16922-3583-4f5b-8805-509b95a8da49.jpg?1572490407"},"irencrag pyromancer":{"image_normal":"https://c1.scryfall.com/file/scryfall-cards/normal/front/9/a/9a7b0ead-5629-429d-bede-8154f3fae96d.jpg?1572490380"},"irencrag feat":{"image_normal":"https://c1.scryfall.com/file/scryfall-cards/normal/front/b/5/b5bcf822-e129-45f6-9403-310ce9410f3b.jpg?1572490374"},"fires of invention":{"image_normal":"https://c1.scryfall.com/file/scryfall-cards/normal/front/a/1/a12b16b0-f75f-42d8-9b24-947c1908e0f7.jpg?1591620860"},"fervent champion":{"image_normal":"https://c1.scryfall.com/file/scryfall-cards/normal/front/c/5/c52d66db-5570-48a1-99cf-e0417517747b.jpg?1572490356"},"embercleave":{"image_normal":"https://c1.scryfall.com/file/scryfall-cards/normal/front/a/a/aaae15dd-11b6-4421-99e9-365c7fe4a5d6.jpg?1572490333"},"witch's vengeance":{"image_normal":"https://c1.scryfall.com/file/scryfall-cards/normal/front/d/b/dbf16457-3444-4130-b220-834b69d9faa3.jpg?1572490276"},"wishclaw talisman":{"image_normal":"https://c1.scryfall.com/file/scryfall-cards/normal/front/0/7/07c17b01-ee5d-491a-8403-b3f819b778c4.jpg?1572490271"},"rankle, master of pranks":{"image_normal":"https://c1.scryfall.com/file/scryfall-cards/normal/front/9/3/93c2c11d-dfc3-4ba9-8c0f-a98114090396.jpg?1572490217"},"oathsworn knight":{"image_normal":"https://c1.scryfall.com/file/scryfall-cards/normal/front/9/1/9173ffda-1d3b-4dab-8dcb-de44717de464.jpg?1572490195"},"clackbridge troll":{"image_normal":"https://c1.scryfall.com/file/scryfall-cards/normal/front/8/5/85929131-4df6-415c-b592-aefb2943c477.jpg?1572490116"},"the cauldron of eternity":{"image_normal":"https://c1.scryfall.com/file/scryfall-cards/normal/front/e/b/eb69473f-de99-43a7-b094-429465ae735c.jpg?1572490105"},"blacklance paragon":{"image_normal":"https://c1.scryfall.com/file/scryfall-cards/normal/front/f/e/fe0a63bb-dd94-429f-aa9b-21f3d1c53ae5.jpg?1572490086"},"ayara, first of locthwain":{"image_normal":"https://c1.scryfall.com/file/scryfall-cards/normal/front/e/d/ed0ace28-9a33-4f0d-b8c8-f5517f20ccf1.jpg?1572490057"},"vantress gargoyle":{"image_normal":"https://c1.scryfall.com/file/scryfall-cards/normal/front/d/a/daff1c8d-0f25-4bec-bd50-208ae2ac0aac.jpg?1572490034"},"stolen by the fae":{"image_normal":"https://c1.scryfall.com/file/scryfall-cards/normal/front/a/9/a98a7698-57fb-41f6-86d4-251c7d444c6a.jpg?1572490003"},"mirrormade":{"image_normal":"https://c1.scryfall.com/file/scryfall-cards/normal/front/a/1/a10c1407-d397-4caa-b7b7-e7d91ffd4ee9.jpg?1572489939"},"midnight clock":{"image_normal":"https://c1.scryfall.com/file/scryfall-cards/normal/front/0/f/0f7f1148-7b1b-4969-a2f8-428de1e2e8ff.jpg?1572489934"},"the magic mirror":{"image_normal":"https://c1.scryfall.com/file/scryfall-cards/normal/front/0/8/08b89af1-7b22-4153-b42d-a2ea4e0f320c.jpg?1572489916"},"gadwick, the wizened":{"image_normal":"https://c1.scryfall.com/file/scryfall-cards/normal/front/6/2/62ddce0d-f22a-4fcd-9a4a-d71938750ba1.jpg?1572489894"},"folio of fancies":{"image_normal":"https://c1.scryfall.com/file/scryfall-cards/normal/front/6/a/6afc67d1-1018-4a15-ab5f-377fd11dcd3d.jpg?1572489881"},"emry, lurker of the loch":{"image_normal":"https://c1.scryfall.com/file/scryfall-cards/normal/front/b/f/bf4b9a8a-b42a-46fb-b0d0-9cf800f63c8a.jpg?1574767844"},"worthy knight":{"image_normal":"https://c1.scryfall.com/file/scryfall-cards/normal/front/4/b/4b2bde2d-e5df-407e-993c-85880dbb6045.jpg?1572489821"},"linden, the steadfast queen":{"image_normal":"https://c1.scryfall.com/file/scryfall-cards/normal/front/f/a/fa3ab467-be97-4b84-a73d-b03484d06b97.jpg?1572489720"},"hushbringer":{"image_normal":"https://c1.scryfall.com/file/scryfall-cards/normal/front/6/6/663b3e6f-1099-4de8-a0a7-6f1919c38010.jpg?1572489709"},"harmonious archon":{"image_normal":"https://c1.scryfall.com/file/scryfall-cards/normal/front/c/7/c7093834-9627-4da2-9322-c03bfd5b3a71.jpg?1572489703"},"happily ever after":{"image_normal":"https://c1.scryfall.com/file/scryfall-cards/normal/front/d/3/d32d85d5-a6f0-4cc5-9fd6-6b329aae2e5b.jpg?1572489697"},"the circle of loyalty":{"image_normal":"https://c1.scryfall.com/file/scryfall-cards/normal/front/7/9/79093d00-362d-4d07-8a0a-cf5e1ccf9c0f.jpg?1572489653"},"charming prince":{"image_normal":"https://c1.scryfall.com/file/scryfall-cards/normal/front/d/c/dcb94950-3f3e-4876-84f8-d5e4d9cfecee.jpg?1572489646"},"acclaimed contender":{"image_normal":"https://c1.scryfall.com/file/scryfall-cards/normal/front/f/b/fb6b12e7-bb93-4eb6-bad1-b256a6ccff4e.jpg?1582021671"},"oakhame ranger":{"image_normal":"https://c1.scryfall.com/file/scryfall-cards/normal/front/8/a/8a665794-513f-4f78-92c9-1844ec27c79c.jpg?1595573141"},"tuinvale treefolk":{"image_normal":"https://c1.scryfall.com/file/scryfall-cards/normal/front/8/b/8bc518fc-904e-4e39-aeda-ffb222bfcc82.jpg?1572490693"},"rosethorn acolyte":{"image_normal":"https://c1.scryfall.com/file/scryfall-cards/normal/front/2/a/2a0d430f-da84-4752-940c-8457c525aac9.jpg?1572490659"},"lovestruck beast":{"image_normal":"https://c1.scryfall.com/file/scryfall-cards/normal/front/4/c/4ccdef9c-1e85-4358-8059-8972479f7556.jpg?1572490606"},"garenbrig carver":{"image_normal":"https://c1.scryfall.com/file/scryfall-cards/normal/front/1/9/194b7a1c-291a-470e-9a40-61b72a46793b.jpg?1572490548"},"flaxen intruder":{"image_normal":"https://c1.scryfall.com/file/scryfall-cards/normal/front/0/6/06bd1ad2-fb5d-4aef-87d1-13a341c686fa.jpg?1572490543"},"curious pair":{"image_normal":"https://c1.scryfall.com/file/scryfall-cards/normal/front/7/f/7f78a570-d776-42f2-a609-6da0156c8de7.jpg?1572490513"},"beanstalk giant":{"image_normal":"https://c1.scryfall.com/file/scryfall-cards/normal/front/a/6/a66f5ea7-ddbb-4b89-b812-77bd17972cf9.jpg?1572490506"},"rimrock knight":{"image_normal":"https://c1.scryfall.com/file/scryfall-cards/normal/front/a/3/a3d13d84-01e4-4429-93db-e5afff811527.jpg?1572490430"},"merchant of the vale":{"image_normal":"https://c1.scryfall.com/file/scryfall-cards/normal/front/0/b/0b4399b6-e67f-40d8-8676-f5db7e04a6c9.jpg?1572490397"},"embereth shieldbreaker":{"image_normal":"https://c1.scryfall.com/file/scryfall-cards/normal/front/6/c/6cc73d16-5ed7-4104-91f6-0997a2080e2e.jpg?1572490345"},"bonecrusher giant":{"image_normal":"https://c1.scryfall.com/file/scryfall-cards/normal/front/0/9/09fd2d9c-1793-4beb-a3fb-7a869f660cd4.jpg?1572490299"},"smitten swordmaster":{"image_normal":"https://c1.scryfall.com/file/scryfall-cards/normal/front/f/8/f82541f2-b17c-45b4-87ff-f9b46d23578c.jpg?1572490242"},"reaper of night":{"image_normal":"https://c1.scryfall.com/file/scryfall-cards/normal/front/4/d/4dc774b4-3f70-4351-b1b8-8a0193cb3a50.jpg?1572490223"},"order of midnight":{"image_normal":"https://c1.scryfall.com/file/scryfall-cards/normal/front/3/3/330cc452-4382-401d-9432-ac27ae6e27ad.jpg?1572490205"},"murderous rider":{"image_normal":"https://c1.scryfall.com/file/scryfall-cards/normal/front/e/7/e73d8a84-2c0d-423c-89c7-71de0af9e1ac.jpg?1572490190"},"foulmire knight":{"image_normal":"https://c1.scryfall.com/file/scryfall-cards/normal/front/c/5/c5f6c745-e46a-42eb-8eca-b7b74ab1245e.jpg?1572490151"},"queen of ice":{"image_normal":"https://c1.scryfall.com/file/scryfall-cards/normal/front/d/e/de2f964a-e4e1-4321-92ad-34b781868e11.jpg?1572489973"},"merfolk secretkeeper":{"image_normal":"https://c1.scryfall.com/file/scryfall-cards/normal/front/c/e/ceb7308d-608c-4ede-9496-d795fc5bb271.jpg?1572489928"},"hypnotic sprite":{"image_normal":"https://c1.scryfall.com/file/scryfall-cards/normal/front/7/a/7acbd812-b994-4e68-8f95-04222796e994.jpg?1572489901"},"fae of wishes":{"image_normal":"https://c1.scryfall.com/file/scryfall-cards/normal/front/e/3/e3435fd6-8f51-4d99-a278-4ddb088acfe1.jpg?1572489870"},"brazen borrower":{"image_normal":"https://c1.scryfall.com/file/scryfall-cards/normal/front/c/2/c2089ec9-0665-448f-bfe9-d181de127814.jpg?1572489838"},"animating faerie":{"image_normal":"https://c1.scryfall.com/file/scryfall-cards/normal/front/3/2/32158458-42eb-41bc-a15a-11af28463eb0.jpg?1572489832"},"silverflame squire":{"image_normal":"https://c1.scryfall.com/file/scryfall-cards/normal/front/7/b/7bd105f3-fa33-4490-aea9-b47ca121b664.jpg?1572489785"},"shepherd of the flock":{"image_normal":"https://c1.scryfall.com/file/scryfall-cards/normal/front/c/0/c0b4f0ce-0d18-4546-803d-94a2f4f30951.jpg?1572489768"},"realm-cloaked giant":{"image_normal":"https://c1.scryfall.com/file/scryfall-cards/normal/front/9/e/9e5c8cf1-1d7c-49e5-bfad-7e13c418118f.jpg?1572489756"},"lonesome unicorn":{"image_normal":"https://c1.scryfall.com/file/scryfall-cards/normal/front/9/9/99083707-2152-42c0-b5c3-b4f97ec20190.jpg?1572489726"},"giant killer":{"image_normal":"https://c1.scryfall.com/file/scryfall-cards/normal/front/7/5/75754468-2850-42e6-ab22-61ff7b9d1214.jpg?1572489685"},"faerie guidemother":{"image_normal":"https://c1.scryfall.com/file/scryfall-cards/normal/front/e/8/e8bbece8-9620-44d9-b991-350fe952538a.jpg?1572489666"},"ardenvale tactician":{"image_normal":"https://c1.scryfall.com/file/scryfall-cards/normal/front/c/7/c7d5e394-8e41-442e-ae97-a478a61e1b9d.jpg?1572489629"},"the royal scions":{"image_normal":"https://c1.scryfall.com/file/scryfall-cards/normal/front/6/a/6a7111f3-01a6-4311-bc08-036a1fba60f5.jpg?1572490808"},"oko, thief of crowns":{"image_normal":"https://c1.scryfall.com/file/scryfall-cards/normal/front/3/4/3462a3d0-5552-49fa-9eb7-100960c55891.jpg?1578911629"},"garruk, cursed huntsman":{"image_normal":"https://c1.scryfall.com/file/scryfall-cards/normal/front/a/b/abef512f-8f1d-4257-b16f-c0eed58670ec.jpg?1572490758"},"command tower":{"image_normal":"https://c1.scryfall.com/file/scryfall-cards/normal/front/e/c/ec1f1041-f667-4b73-b1f2-e5bcae84095e.jpg?1593132195"},"tome of legends":{"image_normal":"https://c1.scryfall.com/file/scryfall-cards/normal/front/0/4/040301e8-20c1-4f4c-8766-d05f11415efd.jpg?1572482851"},"arcane signet":{"image_normal":"https://c1.scryfall.com/file/scryfall-cards/normal/front/8/4/84128e98-87d6-4c2f-909b-9435a7833e63.jpg?1593131393"}}