{"inspiring veteran [eld-194]":{"uri":"https://img.scryfall.com/cards/art_crop/front/0/c/0c3f372d-259d-4a31-9491-2d369b3f3f8b.jpg?1572490775","artist":"Scott Murphy"},"improbable alliance [eld-193]":{"uri":"https://img.scryfall.com/cards/art_crop/front/0/4/0461867b-ec35-4d37-a398-5247e06c4afe.jpg?1572490770","artist":"Zoltan Boros"},"kenrith's transformation [eld-164]":{"uri":"https://img.scryfall.com/cards/art_crop/front/6/d/6da7cd39-1f8a-4f68-adb7-df2beac02263.jpg?1572490600","artist":"Kimonas Theodossiou"},"slaying fire [eld-143]":{"uri":"https://img.scryfall.com/cards/art_crop/front/8/3/83b5b110-c430-4ffe-9fc1-8e6987f52d1e.jpg?1572490469","artist":"Heonhwa Choe"},"glass casket [eld-15]":{"uri":"https://img.scryfall.com/cards/art_crop/front/5/6/562f1c51-d245-4771-bf61-415297e4f9d5.jpg?1572489690","artist":"Anastasia Ovchinnikova"},"piper of the swarm [eld-100]":{"uri":"https://img.scryfall.com/cards/art_crop/front/0/a/0a7962fe-b715-4981-86c3-223bad9b1899.jpg?1573503584","artist":"Irina Nordsol"},"fabled passage [eld-244]":{"uri":"https://img.scryfall.com/cards/art_crop/front/b/8/b841bfa8-7c17-4df2-8466-780ab9a4a53a.jpg?1572491204","artist":"Howard Lyon"},"castle vantress [eld-242]":{"uri":"https://img.scryfall.com/cards/art_crop/front/0/a/0a8b9d37-e89c-44ad-bd1b-51cb06ec3e0b.jpg?1572491190","artist":"John Avon"},"castle locthwain [eld-241]":{"uri":"https://img.scryfall.com/cards/art_crop/front/1/9/195383c1-4723-40b0-ba53-298dfd8e30d0.jpg?1572491183","artist":"Titus Lunter"},"castle garenbrig [eld-240]":{"uri":"https://img.scryfall.com/cards/art_crop/front/e/3/e3c2c66c-f7f0-41d5-a805-a129aeaf1b75.jpg?1572491176","artist":"Adam Paquette"},"castle embereth [eld-239]":{"uri":"https://img.scryfall.com/cards/art_crop/front/8/b/8bb8512e-6913-4be6-8828-24cfcbec042e.jpg?1572491168","artist":"Jaime Jones"},"castle ardenvale [eld-238]":{"uri":"https://img.scryfall.com/cards/art_crop/front/7/f/7f910495-8bd7-4134-a281-c16fd666d5cc.jpg?1572491161","artist":"Volkan Baǵa"},"stonecoil serpent [eld-235]":{"uri":"https://img.scryfall.com/cards/art_crop/front/b/3/b34bf7fd-9fe3-43e2-8cfe-7ce7cff08afe.jpg?1572491124","artist":"Mark Poole"},"sorcerous spyglass [eld-233]":{"uri":"https://img.scryfall.com/cards/art_crop/front/e/4/e47e85d1-8c4a-43a9-92b3-7cb2a5b89219.jpg?1572491099","artist":"Aaron Miller"},"stormfist crusader [eld-203]":{"uri":"https://img.scryfall.com/cards/art_crop/front/2/7/27425f2e-e0b2-489d-877d-8257d2026bfd.jpg?1572490842","artist":"Chris Rallis"},"outlaws' merriment [eld-198]":{"uri":"https://img.scryfall.com/cards/art_crop/front/5/d/5d7585ab-a364-471c-8ef1-318e459b4020.jpg?1572490798","artist":"Suzanne Helmigh"},"lochmere serpent [eld-195]":{"uri":"https://img.scryfall.com/cards/art_crop/front/3/2/3287beea-747c-4cb6-aea5-051e85c5de8d.jpg?1572490781","artist":"Sam Burley"},"faeburrow elder [eld-190]":{"uri":"https://img.scryfall.com/cards/art_crop/front/1/c/1ca29912-88b1-413f-ad9d-63d7d1b1ca16.jpg?1572490752","artist":"Raoul Vitale"},"escape to the wilds [eld-189]":{"uri":"https://img.scryfall.com/cards/art_crop/front/3/e/3e26c10b-179f-4a6e-bc8d-3ec1d6783fb9.jpg?1572490745","artist":"Chris Ostrowski"},"doom foretold [eld-187]":{"uri":"https://img.scryfall.com/cards/art_crop/front/e/7/e76c0c83-3e87-474d-bc72-1677eed32cfa.jpg?1572490732","artist":"Daniel Ljunggren"},"dance of the manse [eld-186]":{"uri":"https://img.scryfall.com/cards/art_crop/front/5/d/5dca90ef-1c17-4dcc-9fef-dab9ee92f590.jpg?1572490726","artist":"Yeong-Hao Han"},"yorvo, lord of garenbrig [eld-185]":{"uri":"https://img.scryfall.com/cards/art_crop/front/a/e/ae2998a1-1713-467e-a08e-0efd8720aa5b.jpg?1572490720","artist":"Zack Stella"},"wildborn preserver [eld-182]":{"uri":"https://img.scryfall.com/cards/art_crop/front/5/5/55f76830-369e-4224-9ded-7d1ce04c87e4.jpg?1572490704","artist":"Lius Lasahido"},"wicked wolf [eld-181]":{"uri":"https://img.scryfall.com/cards/art_crop/front/0/9/09476eac-55d2-4955-8951-ae4ce117c98b.jpg?1572490698","artist":"Tomasz Jedruszek"},"return of the wildspeaker [eld-172]":{"uri":"https://img.scryfall.com/cards/art_crop/front/b/8/b88a4943-bd1b-4d10-9cd3-b2ab91b25c10.jpg?1572490646","artist":"Chris Rallis"},"questing beast [eld-171]":{"uri":"https://img.scryfall.com/cards/art_crop/front/e/4/e41cf82d-3213-47ce-a015-6e51a8b07e4f.jpg?1572490640","artist":"Igor Kieryluk"},"once upon a time [eld-169]":{"uri":"https://img.scryfall.com/cards/art_crop/front/4/0/4034e5ba-9974-43e3-bde7-8d9b4586c3a4.jpg?1578843782","artist":"Matt Stewart"},"the great henge [eld-161]":{"uri":"https://img.scryfall.com/cards/art_crop/front/a/f/af915ed2-1f34-43f6-85f5-2430325b720f.jpg?1572490580","artist":"Adam Paquette"},"gilded goose [eld-160]":{"uri":"https://img.scryfall.com/cards/art_crop/front/3/0/30377bf0-d9b1-4c14-8dde-f74b1e02d604.jpg?1572490572","artist":"Lindsey Look"},"feasting troll king [eld-152]":{"uri":"https://img.scryfall.com/cards/art_crop/front/9/a/9a6bb435-1205-416a-a5a0-ca6d37b4dcb2.jpg?1572490524","artist":"Nicholas Gregory"},"torbran, thane of red fell [eld-147]":{"uri":"https://img.scryfall.com/cards/art_crop/front/7/9/79f591cd-d277-4ba5-b1bf-1c09cac9cb8a.jpg?1572490491","artist":"Grzegorz Rutkowski"},"sundering stroke [eld-144]":{"uri":"https://img.scryfall.com/cards/art_crop/front/2/4/24b7a774-ca49-4291-8a19-cb5e475b10d5.jpg?1572490475","artist":"Stanton Feng"},"robber of the rich [eld-138]":{"uri":"https://img.scryfall.com/cards/art_crop/front/0/e/0ecbe097-ba51-42e5-957c-382eb66c08f0.jpg?1572490437","artist":"Paul Scott Canavan"},"opportunistic dragon [eld-133]":{"uri":"https://img.scryfall.com/cards/art_crop/front/3/f/3fa16922-3583-4f5b-8805-509b95a8da49.jpg?1572490407","artist":"Chris Rahn"},"irencrag pyromancer [eld-128]":{"uri":"https://img.scryfall.com/cards/art_crop/front/9/a/9a7b0ead-5629-429d-bede-8154f3fae96d.jpg?1572490380","artist":"Jason Rainville"},"irencrag feat [eld-127]":{"uri":"https://img.scryfall.com/cards/art_crop/front/b/5/b5bcf822-e129-45f6-9403-310ce9410f3b.jpg?1572490374","artist":"Yongjae Choi"},"fires of invention [eld-125]":{"uri":"https://img.scryfall.com/cards/art_crop/front/a/1/a12b16b0-f75f-42d8-9b24-947c1908e0f7.jpg?1572490362","artist":"Stanton Feng"},"fervent champion [eld-124]":{"uri":"https://img.scryfall.com/cards/art_crop/front/c/5/c52d66db-5570-48a1-99cf-e0417517747b.jpg?1572490356","artist":"Steve Argyle"},"embercleave [eld-120]":{"uri":"https://img.scryfall.com/cards/art_crop/front/a/a/aaae15dd-11b6-4421-99e9-365c7fe4a5d6.jpg?1572490333","artist":"Joe Slucher"},"witch's vengeance [eld-111]":{"uri":"https://img.scryfall.com/cards/art_crop/front/d/b/dbf16457-3444-4130-b220-834b69d9faa3.jpg?1572490276","artist":"Titus Lunter"},"wishclaw talisman [eld-110]":{"uri":"https://img.scryfall.com/cards/art_crop/front/0/7/07c17b01-ee5d-491a-8403-b3f819b778c4.jpg?1572490271","artist":"Daarken"},"rankle, master of pranks [eld-101]":{"uri":"https://img.scryfall.com/cards/art_crop/front/9/3/93c2c11d-dfc3-4ba9-8c0f-a98114090396.jpg?1572490217","artist":"Dmitry Burmak"},"oathsworn knight [eld-98]":{"uri":"https://img.scryfall.com/cards/art_crop/front/9/1/9173ffda-1d3b-4dab-8dcb-de44717de464.jpg?1572490195","artist":"Svetlin Velinov"},"clackbridge troll [eld-84]":{"uri":"https://img.scryfall.com/cards/art_crop/front/8/5/85929131-4df6-415c-b592-aefb2943c477.jpg?1572490116","artist":"Svetlin Velinov"},"the cauldron of eternity [eld-82]":{"uri":"https://img.scryfall.com/cards/art_crop/front/e/b/eb69473f-de99-43a7-b094-429465ae735c.jpg?1572490105","artist":"Tomasz Jedruszek"},"blacklance paragon [eld-79]":{"uri":"https://img.scryfall.com/cards/art_crop/front/f/e/fe0a63bb-dd94-429f-aa9b-21f3d1c53ae5.jpg?1572490086","artist":"Victor Adame Minguez"},"ayara, first of locthwain [eld-75]":{"uri":"https://img.scryfall.com/cards/art_crop/front/e/d/ed0ace28-9a33-4f0d-b8c8-f5517f20ccf1.jpg?1572490057","artist":"Ryan Pancoast"},"vantress gargoyle [eld-71]":{"uri":"https://img.scryfall.com/cards/art_crop/front/d/a/daff1c8d-0f25-4bec-bd50-208ae2ac0aac.jpg?1572490034","artist":"Cristi Balanescu"},"stolen by the fae [eld-66]":{"uri":"https://img.scryfall.com/cards/art_crop/front/a/9/a98a7698-57fb-41f6-86d4-251c7d444c6a.jpg?1572490003","artist":"Ryan Alexander Lee"},"mirrormade [eld-55]":{"uri":"https://img.scryfall.com/cards/art_crop/front/a/1/a10c1407-d397-4caa-b7b7-e7d91ffd4ee9.jpg?1572489939","artist":"Volkan Baǵa"},"midnight clock [eld-54]":{"uri":"https://img.scryfall.com/cards/art_crop/front/0/f/0f7f1148-7b1b-4969-a2f8-428de1e2e8ff.jpg?1572489934","artist":"Alexander Forssberg"},"the magic mirror [eld-51]":{"uri":"https://img.scryfall.com/cards/art_crop/front/0/8/08b89af1-7b22-4153-b42d-a2ea4e0f320c.jpg?1572489916","artist":"Anastasia Ovchinnikova"},"gadwick, the wizened [eld-48]":{"uri":"https://img.scryfall.com/cards/art_crop/front/6/2/62ddce0d-f22a-4fcd-9a4a-d71938750ba1.jpg?1572489894","artist":"Colin Boyer"},"folio of fancies [eld-46]":{"uri":"https://img.scryfall.com/cards/art_crop/front/6/a/6afc67d1-1018-4a15-ab5f-377fd11dcd3d.jpg?1572489881","artist":"Colin Boyer"},"emry, lurker of the loch [eld-43]":{"uri":"https://img.scryfall.com/cards/art_crop/front/b/f/bf4b9a8a-b42a-46fb-b0d0-9cf800f63c8a.jpg?1574767844","artist":"Livia Prima"},"worthy knight [eld-36]":{"uri":"https://img.scryfall.com/cards/art_crop/front/4/b/4b2bde2d-e5df-407e-993c-85880dbb6045.jpg?1572489821","artist":"Yongjae Choi"},"linden, the steadfast queen [eld-20]":{"uri":"https://img.scryfall.com/cards/art_crop/front/f/a/fa3ab467-be97-4b84-a73d-b03484d06b97.jpg?1572489720","artist":"Ryan Pancoast"},"hushbringer [eld-18]":{"uri":"https://img.scryfall.com/cards/art_crop/front/6/6/663b3e6f-1099-4de8-a0a7-6f1919c38010.jpg?1572489709","artist":"Bastien L. Deharme"},"harmonious archon [eld-17]":{"uri":"https://img.scryfall.com/cards/art_crop/front/c/7/c7093834-9627-4da2-9322-c03bfd5b3a71.jpg?1572489703","artist":"Anastasia Ovchinnikova"},"happily ever after [eld-16]":{"uri":"https://img.scryfall.com/cards/art_crop/front/d/3/d32d85d5-a6f0-4cc5-9fd6-6b329aae2e5b.jpg?1572489697","artist":"Matt Stewart"},"the circle of loyalty [eld-9]":{"uri":"https://img.scryfall.com/cards/art_crop/front/7/9/79093d00-362d-4d07-8a0a-cf5e1ccf9c0f.jpg?1572489653","artist":"Bastien L. Deharme"},"charming prince [eld-8]":{"uri":"https://img.scryfall.com/cards/art_crop/front/d/c/dcb94950-3f3e-4876-84f8-d5e4d9cfecee.jpg?1572489646","artist":"Randy Vargas"},"acclaimed contender [eld-1]":{"uri":"https://img.scryfall.com/cards/art_crop/front/f/b/fb6b12e7-bb93-4eb6-bad1-b256a6ccff4e.jpg?1572489601","artist":"David Gaillet"},"oakhame ranger [eld-212]":{"uri":"https://img.scryfall.com/cards/art_crop/front/8/a/8a665794-513f-4f78-92c9-1844ec27c79c.jpg?1572490907","artist":"Mitchell Malloy & Maddie Julyk"},"tuinvale treefolk [eld-180]":{"uri":"https://img.scryfall.com/cards/art_crop/front/8/b/8bc518fc-904e-4e39-aeda-ffb222bfcc82.jpg?1572490693","artist":"Jason A. Engle"},"rosethorn acolyte [eld-174]":{"uri":"https://img.scryfall.com/cards/art_crop/front/2/a/2a0d430f-da84-4752-940c-8457c525aac9.jpg?1572490659","artist":"Johannes Voss"},"lovestruck beast [eld-165]":{"uri":"https://img.scryfall.com/cards/art_crop/front/4/c/4ccdef9c-1e85-4358-8059-8972479f7556.jpg?1572490606","artist":"Kev Walker"},"garenbrig carver [eld-156]":{"uri":"https://img.scryfall.com/cards/art_crop/front/1/9/194b7a1c-291a-470e-9a40-61b72a46793b.jpg?1572490548","artist":"Lucas Graciano"},"flaxen intruder [eld-155]":{"uri":"https://img.scryfall.com/cards/art_crop/front/0/6/06bd1ad2-fb5d-4aef-87d1-13a341c686fa.jpg?1572490543","artist":"Gabor Szikszai"},"curious pair [eld-150]":{"uri":"https://img.scryfall.com/cards/art_crop/front/7/f/7f78a570-d776-42f2-a609-6da0156c8de7.jpg?1572490513","artist":"Daarken"},"beanstalk giant [eld-149]":{"uri":"https://img.scryfall.com/cards/art_crop/front/a/6/a66f5ea7-ddbb-4b89-b812-77bd17972cf9.jpg?1572490506","artist":"Jason A. Engle"},"rimrock knight [eld-137]":{"uri":"https://img.scryfall.com/cards/art_crop/front/a/3/a3d13d84-01e4-4429-93db-e5afff811527.jpg?1572490430","artist":"Chris Rallis"},"merchant of the vale [eld-131]":{"uri":"https://img.scryfall.com/cards/art_crop/front/0/b/0b4399b6-e67f-40d8-8676-f5db7e04a6c9.jpg?1572490397","artist":"David Gaillet"},"embereth shieldbreaker [eld-122]":{"uri":"https://img.scryfall.com/cards/art_crop/front/6/c/6cc73d16-5ed7-4104-91f6-0997a2080e2e.jpg?1572490345","artist":"Randy Vargas"},"bonecrusher giant [eld-115]":{"uri":"https://img.scryfall.com/cards/art_crop/front/0/9/09fd2d9c-1793-4beb-a3fb-7a869f660cd4.jpg?1572490299","artist":"Victor Adame Minguez"},"smitten swordmaster [eld-105]":{"uri":"https://img.scryfall.com/cards/art_crop/front/f/8/f82541f2-b17c-45b4-87ff-f9b46d23578c.jpg?1572490242","artist":"Taylor Ingvarsson"},"reaper of night [eld-102]":{"uri":"https://img.scryfall.com/cards/art_crop/front/4/d/4dc774b4-3f70-4351-b1b8-8a0193cb3a50.jpg?1572490223","artist":"Jeff Simpson"},"order of midnight [eld-99]":{"uri":"https://img.scryfall.com/cards/art_crop/front/3/3/330cc452-4382-401d-9432-ac27ae6e27ad.jpg?1572490205","artist":"Victor Adame Minguez"},"murderous rider [eld-97]":{"uri":"https://img.scryfall.com/cards/art_crop/front/e/7/e73d8a84-2c0d-423c-89c7-71de0af9e1ac.jpg?1572490190","artist":"Josh Hass"},"foulmire knight [eld-90]":{"uri":"https://img.scryfall.com/cards/art_crop/front/c/5/c5f6c745-e46a-42eb-8eca-b7b74ab1245e.jpg?1572490151","artist":"Alex Brock"},"queen of ice [eld-61]":{"uri":"https://img.scryfall.com/cards/art_crop/front/d/e/de2f964a-e4e1-4321-92ad-34b781868e11.jpg?1572489973","artist":"Eric Deschamps"},"merfolk secretkeeper [eld-53]":{"uri":"https://img.scryfall.com/cards/art_crop/front/c/e/ceb7308d-608c-4ede-9496-d795fc5bb271.jpg?1572489928","artist":"Jana Schirmer"},"hypnotic sprite [eld-49]":{"uri":"https://img.scryfall.com/cards/art_crop/front/7/a/7acbd812-b994-4e68-8f95-04222796e994.jpg?1572489901","artist":"Irina Nordsol"},"fae of wishes [eld-44]":{"uri":"https://img.scryfall.com/cards/art_crop/front/e/3/e3435fd6-8f51-4d99-a278-4ddb088acfe1.jpg?1572489870","artist":"Magali Villeneuve"},"brazen borrower [eld-39]":{"uri":"https://img.scryfall.com/cards/art_crop/front/c/2/c2089ec9-0665-448f-bfe9-d181de127814.jpg?1572489838","artist":"Eric Deschamps"},"animating faerie [eld-38]":{"uri":"https://img.scryfall.com/cards/art_crop/front/3/2/32158458-42eb-41bc-a15a-11af28463eb0.jpg?1572489832","artist":"Joseph Meehan"},"silverflame squire [eld-31]":{"uri":"https://img.scryfall.com/cards/art_crop/front/7/b/7bd105f3-fa33-4490-aea9-b47ca121b664.jpg?1572489785","artist":"Lie Setiawan"},"shepherd of the flock [eld-28]":{"uri":"https://img.scryfall.com/cards/art_crop/front/c/0/c0b4f0ce-0d18-4546-803d-94a2f4f30951.jpg?1572489768","artist":"Drew Baker"},"realm-cloaked giant [eld-26]":{"uri":"https://img.scryfall.com/cards/art_crop/front/9/e/9e5c8cf1-1d7c-49e5-bfad-7e13c418118f.jpg?1572489756","artist":"Adam Paquette"},"lonesome unicorn [eld-21]":{"uri":"https://img.scryfall.com/cards/art_crop/front/9/9/99083707-2152-42c0-b5c3-b4f97ec20190.jpg?1572489726","artist":"Winona Nelson"},"giant killer [eld-14]":{"uri":"https://img.scryfall.com/cards/art_crop/front/7/5/75754468-2850-42e6-ab22-61ff7b9d1214.jpg?1572489685","artist":"Jesper Ejsing"},"faerie guidemother [eld-11]":{"uri":"https://img.scryfall.com/cards/art_crop/front/e/8/e8bbece8-9620-44d9-b991-350fe952538a.jpg?1572489666","artist":"Mila Pesic"},"ardenvale tactician [eld-5]":{"uri":"https://img.scryfall.com/cards/art_crop/front/c/7/c7d5e394-8e41-442e-ae97-a478a61e1b9d.jpg?1572489629","artist":"Jason Rainville"},"the royal scions [eld-199]":{"uri":"https://img.scryfall.com/cards/art_crop/front/6/a/6a7111f3-01a6-4311-bc08-036a1fba60f5.jpg?1572490808","artist":"Paul Scott Canavan"},"oko, thief of crowns [eld-197]":{"uri":"https://img.scryfall.com/cards/art_crop/front/3/4/3462a3d0-5552-49fa-9eb7-100960c55891.jpg?1578911629","artist":"Yongjae Choi"},"garruk, cursed huntsman [eld-191]":{"uri":"https://img.scryfall.com/cards/art_crop/front/a/b/abef512f-8f1d-4257-b16f-c0eed58670ec.jpg?1572490758","artist":"Eric Deschamps"},"command tower [eld-333]":{"uri":"https://img.scryfall.com/cards/art_crop/front/e/c/ec1f1041-f667-4b73-b1f2-e5bcae84095e.jpg?1572482858","artist":"Evan Shipard"},"tome of legends [eld-332]":{"uri":"https://img.scryfall.com/cards/art_crop/front/0/4/040301e8-20c1-4f4c-8766-d05f11415efd.jpg?1572482851","artist":"Mila Pesic"},"arcane signet [eld-331]":{"uri":"https://img.scryfall.com/cards/art_crop/front/8/4/84128e98-87d6-4c2f-909b-9435a7833e63.jpg?1572482845","artist":"Dan Scott"},"sorcerous spyglass [xln-248]":{"uri":"https://img.scryfall.com/cards/art_crop/front/8/5/85506a24-8d60-475c-9f43-65994caca7d4.jpg?1564096143","artist":"Kieran Yanner"}}