[
  {
    "_id": "5d755c6a846f3a19d8b4df46", 
    "name": "Dack Fayden", 
    "picks": "2", 
    "value": "0.5"
  }, 
  {
    "_id": "5d755c6a846f3a19d8b4df47", 
    "name": "Mind's Desire", 
    "picks": "1", 
    "value": "0.13333333333333333"
  }, 
  {
    "_id": "5d755c6b846f3a19d8b4df48", 
    "name": "Bribery", 
    "picks": "1", 
    "value": "0.2"
  }, 
  {
    "_id": "5d755c6b846f3a19d8b4df49", 
    "name": "Venser, the Sojourner", 
    "picks": "2", 
    "value": "0.4"
  }, 
  {
    "_id": "5d755c6b846f3a19d8b4df4a", 
    "name": "Nissa, Worldwaker", 
    "picks": "1", 
    "value": "0.3333333333333333"
  }, 
  {
    "_id": "5d755c6b846f3a19d8b4df4b", 
    "name": "Nekrataal", 
    "picks": "1", 
    "value": "0.4666666666666667"
  }, 
  {
    "_id": "5d755c6b846f3a19d8b4df4c", 
    "name": "Deathrite Shaman", 
    "picks": "1", 
    "value": "0.4666666666666667"
  }, 
  {
    "_id": "5d755c6c846f3a19d8b4df4d", 
    "name": "Gitaxian Probe", 
    "picks": "1", 
    "value": "0.5333333333333333"
  }, 
  {
    "_id": "5d755c6c846f3a19d8b4df4e", 
    "name": "Trygon Predator", 
    "picks": "1", 
    "value": "0.6"
  }, 
  {
    "_id": "5d755c6c846f3a19d8b4df4f", 
    "name": "Tireless Tracker", 
    "picks": "1", 
    "value": "0.7333333333333333"
  }, 
  {
    "_id": "5d755c6c846f3a19d8b4df50", 
    "name": "Plated Geopede", 
    "picks": "1", 
    "value": "0.7333333333333333"
  }, 
  {
    "_id": "5d755c6d846f3a19d8b4df51", 
    "name": "Pia and Kiran Nalaar", 
    "picks": "1", 
    "value": "0.8"
  }, 
  {
    "_id": "5d755c6d846f3a19d8b4df52", 
    "name": "Pernicious Deed", 
    "picks": "1", 
    "value": "0.9333333333333333"
  }, 
  {
    "_id": "5d755c6d846f3a19d8b4df53", 
    "name": "Rolling Earthquake", 
    "picks": "1", 
    "value": "0.9333333333333333"
  }, 
  {
    "_id": "5d755c6e846f3a19d8b4df54", 
    "name": "Wall of Denial", 
    "picks": "2", 
    "value": "0.3"
  }, 
  {
    "_id": "5d755c6e846f3a19d8b4df55", 
    "name": "Daretti, Ingenious Iconoclast", 
    "picks": "1", 
    "value": "0.06666666666666667"
  }, 
  {
    "_id": "5d755c6e846f3a19d8b4df56", 
    "name": "Reckless Charge", 
    "picks": "1", 
    "value": "0.13333333333333333"
  }, 
  {
    "_id": "5d755c6e846f3a19d8b4df57", 
    "name": "Lotleth Troll", 
    "picks": "1", 
    "value": "0.26666666666666666"
  }, 
  {
    "_id": "5d755c6e846f3a19d8b4df58", 
    "name": "Firedrinker Satyr", 
    "picks": "1", 
    "value": "0.3333333333333333"
  }, 
  {
    "_id": "5d755c6f846f3a19d8b4df59", 
    "name": "Overgrown Tomb", 
    "picks": "1", 
    "value": "0.4"
  }, 
  {
    "_id": "5d755c6f846f3a19d8b4df5a", 
    "name": "Skysovereign, Consul Flagship", 
    "picks": "1", 
    "value": "0.4666666666666667"
  }, 
  {
    "_id": "5d755c6f846f3a19d8b4df5b", 
    "name": "Sacred Foundry", 
    "picks": "1", 
    "value": "0.5333333333333333"
  }, 
  {
    "_id": "5d755c6f846f3a19d8b4df5c", 
    "name": "Ayli, Eternal Pilgrim", 
    "picks": "1", 
    "value": "0.6"
  }, 
  {
    "_id": "5d755c6f846f3a19d8b4df5d", 
    "name": "Mimic Vat", 
    "picks": "1", 
    "value": "0.6666666666666666"
  }, 
  {
    "_id": "5d755c6f846f3a19d8b4df5e", 
    "name": "Tidehollow Sculler", 
    "picks": "1", 
    "value": "0.7333333333333333"
  }, 
  {
    "_id": "5d755c70846f3a19d8b4df5f", 
    "name": "Kiki-Jiki, Mirror Breaker", 
    "picks": "1", 
    "value": "0.8"
  }, 
  {
    "_id": "5d755c70846f3a19d8b4df60", 
    "name": "Dryad Militant", 
    "picks": "1", 
    "value": "0.8"
  }, 
  {
    "_id": "5d755c70846f3a19d8b4df61", 
    "name": "Underground Sea", 
    "picks": "1", 
    "value": "0.9333333333333333"
  }, 
  {
    "_id": "5d755c70846f3a19d8b4df62", 
    "name": "Sinkhole", 
    "picks": "1", 
    "value": "1"
  }, 
  {
    "_id": "5d755c70846f3a19d8b4df63", 
    "name": "Ghitu Encampment", 
    "picks": "1", 
    "value": "0.06666666666666667"
  }, 
  {
    "_id": "5d755c71846f3a19d8b4df64", 
    "name": "Mindslaver", 
    "picks": "1", 
    "value": "0.13333333333333333"
  }, 
  {
    "_id": "5d755c71846f3a19d8b4df65", 
    "name": "Thelonite Hermit", 
    "picks": "1", 
    "value": "0.2"
  }, 
  {
    "_id": "5d755c71846f3a19d8b4df66", 
    "name": "Slaughter Pact", 
    "picks": "1", 
    "value": "0.26666666666666666"
  }, 
  {
    "_id": "5d755c71846f3a19d8b4df67", 
    "name": "Vengevine", 
    "picks": "2", 
    "value": "0.19999999999999998"
  }, 
  {
    "_id": "5d755c72846f3a19d8b4df68", 
    "name": "Forbidden Alchemy", 
    "picks": "1", 
    "value": "0.4"
  }, 
  {
    "_id": "5d755c72846f3a19d8b4df69", 
    "name": "Shelldock Isle", 
    "picks": "1", 
    "value": "0.4666666666666667"
  }, 
  {
    "_id": "5d755c72846f3a19d8b4df6a", 
    "name": "Sulfuric Vortex", 
    "picks": "1", 
    "value": "0.5333333333333333"
  }, 
  {
    "_id": "5d755c72846f3a19d8b4df6b", 
    "name": "Corpse Dance", 
    "picks": "1", 
    "value": "0.6"
  }, 
  {
    "_id": "5d755c72846f3a19d8b4df6c", 
    "name": "Purphoros, God of the Forge", 
    "picks": "1", 
    "value": "0.6666666666666666"
  }, 
  {
    "_id": "5d755c72846f3a19d8b4df6d", 
    "name": "Rancor", 
    "picks": "1", 
    "value": "0.7333333333333333"
  }, 
  {
    "_id": "5d755c73846f3a19d8b4df6e", 
    "name": "Porcelain Legionnaire", 
    "picks": "1", 
    "value": "0.8"
  }, 
  {
    "_id": "5d755c73846f3a19d8b4df6f", 
    "name": "Green Sun's Zenith", 
    "picks": "1", 
    "value": "0.8666666666666667"
  }, 
  {
    "_id": "5d755c73846f3a19d8b4df70", 
    "name": "Diregraf Ghoul", 
    "picks": "1", 
    "value": "0.9333333333333333"
  }, 
  {
    "_id": "5d755c73846f3a19d8b4df71", 
    "name": "Master of Etherium", 
    "picks": "1", 
    "value": "0.9333333333333333"
  }, 
  {
    "_id": "5d755c74846f3a19d8b4df72", 
    "name": "Chandra, the Firebrand", 
    "picks": "1", 
    "value": "1"
  }, 
  {
    "_id": "5d755d75846f3a19d8b4df75", 
    "name": "Ankh of Mishra", 
    "picks": "1", 
    "value": "0.13333333333333333"
  }, 
  {
    "_id": "5d755d75846f3a19d8b4df76", 
    "name": "Tainted Pact", 
    "picks": "1", 
    "value": "0.2"
  }, 
  {
    "_id": "5d755d79846f3a19d8b4df77", 
    "name": "Tendrils of Agony", 
    "picks": "1", 
    "value": "0.3333333333333333"
  }, 
  {
    "_id": "5d755d7d846f3a19d8b4df78", 
    "name": "Fyndhorn Elves", 
    "picks": "1", 
    "value": "0.3333333333333333"
  }, 
  {
    "_id": "5d755d7d846f3a19d8b4df79", 
    "name": "Perilous Myr", 
    "picks": "1", 
    "value": "0.3333333333333333"
  }, 
  {
    "_id": "5d755d7d846f3a19d8b4df7a", 
    "name": "Scrapheap Scrounger", 
    "picks": "1", 
    "value": "0.4666666666666667"
  }, 
  {
    "_id": "5d755d7d846f3a19d8b4df7b", 
    "name": "Thalia, Guardian of Thraben", 
    "picks": "1", 
    "value": "0.5333333333333333"
  }, 
  {
    "_id": "5d755d7d846f3a19d8b4df7c", 
    "name": "Condemn", 
    "picks": "1", 
    "value": "0.5333333333333333"
  }, 
  {
    "_id": "5d755d7d846f3a19d8b4df7d", 
    "name": "Qasali Pridemage", 
    "picks": "1", 
    "value": "0.6666666666666666"
  }, 
  {
    "_id": "5d755d7e846f3a19d8b4df7e", 
    "name": "Stirring Wildwood", 
    "picks": "1", 
    "value": "0.7333333333333333"
  }, 
  {
    "_id": "5d755d7e846f3a19d8b4df7f", 
    "name": "Harrow", 
    "picks": "1", 
    "value": "0.7333333333333333"
  }, 
  {
    "_id": "5d755d7e846f3a19d8b4df80", 
    "name": "Angel of Invention", 
    "picks": "1", 
    "value": "0.8666666666666667"
  }, 
  {
    "_id": "5d755d7e846f3a19d8b4df81", 
    "name": "Mentor of the Meek", 
    "picks": "1", 
    "value": "0.9333333333333333"
  }, 
  {
    "_id": "5d755d7e846f3a19d8b4df82", 
    "name": "Scrubland", 
    "picks": "1", 
    "value": "0.9333333333333333"
  }, 
  {
    "_id": "5d755d7e846f3a19d8b4df83", 
    "name": "Wooded Foothills", 
    "picks": "1", 
    "value": "0.13333333333333333"
  }, 
  {
    "_id": "5d755d7e846f3a19d8b4df84", 
    "name": "Squee, Goblin Nabob", 
    "picks": "1", 
    "value": "0.13333333333333333"
  }, 
  {
    "_id": "5d755d7e846f3a19d8b4df85", 
    "name": "Monastery Mentor", 
    "picks": "1", 
    "value": "0.13333333333333333"
  }, 
  {
    "_id": "5d755d7e846f3a19d8b4df86", 
    "name": "Devoted Druid", 
    "picks": "1", 
    "value": "0.3333333333333333"
  }, 
  {
    "_id": "5d755d7e846f3a19d8b4df87", 
    "name": "Devil's Play", 
    "picks": "1", 
    "value": "0.3333333333333333"
  }, 
  {
    "_id": "5d755d7e846f3a19d8b4df88", 
    "name": "Pestermite", 
    "picks": "2", 
    "value": "0.4"
  }, 
  {
    "_id": "5d755d7f846f3a19d8b4df89", 
    "name": "Careful Consideration", 
    "picks": "1", 
    "value": "0.5333333333333333"
  }, 
  {
    "_id": "5d755d7f846f3a19d8b4df8a", 
    "name": "Counterspell", 
    "picks": "1", 
    "value": "0.6"
  }, 
  {
    "_id": "5d755d7f846f3a19d8b4df8b", 
    "name": "Chained to the Rocks", 
    "picks": "1", 
    "value": "0.7333333333333333"
  }, 
  {
    "_id": "5d755d7f846f3a19d8b4df8c", 
    "name": "Eidolon of the Great Revel", 
    "picks": "1", 
    "value": "0.8"
  }, 
  {
    "_id": "5d755d7f846f3a19d8b4df8d", 
    "name": "Tinker", 
    "picks": "1", 
    "value": "0.8"
  }, 
  {
    "_id": "5d755d7f846f3a19d8b4df8e", 
    "name": "Acidic Slime", 
    "picks": "1", 
    "value": "0.9333333333333333"
  }, 
  {
    "_id": "5d755d80846f3a19d8b4df8f", 
    "name": "Time Walk", 
    "picks": "1", 
    "value": "1"
  }, 
  {
    "_id": "5d755d80846f3a19d8b4df90", 
    "name": "Boros Signet", 
    "picks": "1", 
    "value": "1"
  }, 
  {
    "_id": "5d755d80846f3a19d8b4df91", 
    "name": "Diregraf Colossus", 
    "picks": "1", 
    "value": "0.13333333333333333"
  }, 
  {
    "_id": "5d755d80846f3a19d8b4df92", 
    "name": "Reveillark", 
    "picks": "1", 
    "value": "0.2"
  }, 
  {
    "_id": "5d755d80846f3a19d8b4df93", 
    "name": "Fire // Ice", 
    "picks": "1", 
    "value": "0.2"
  }, 
  {
    "_id": "5d755d80846f3a19d8b4df94", 
    "name": "Ravages of War", 
    "picks": "1", 
    "value": "0.3333333333333333"
  }, 
  {
    "_id": "5d755d80846f3a19d8b4df95", 
    "name": "Lotus Bloom", 
    "picks": "1", 
    "value": "0.4"
  }, 
  {
    "_id": "5d755d80846f3a19d8b4df96", 
    "name": "Dragon Hunter", 
    "picks": "1", 
    "value": "0.4"
  }, 
  {
    "_id": "5d755d80846f3a19d8b4df97", 
    "name": "Yawgmoth's Bargain", 
    "picks": "1", 
    "value": "0.5333333333333333"
  }, 
  {
    "_id": "5d755d81846f3a19d8b4df98", 
    "name": "Lightning Bolt", 
    "picks": "1", 
    "value": "0.6"
  }, 
  {
    "_id": "5d755d81846f3a19d8b4df99", 
    "name": "Silverblade Paladin", 
    "picks": "1", 
    "value": "0.7333333333333333"
  }, 
  {
    "_id": "5d755d81846f3a19d8b4df9a", 
    "name": "Splinter Twin", 
    "picks": "1", 
    "value": "0.7333333333333333"
  }, 
  {
    "_id": "5d755d81846f3a19d8b4df9b", 
    "name": "Decree of Justice", 
    "picks": "1", 
    "value": "0.8"
  }, 
  {
    "_id": "5d755d81846f3a19d8b4df9c", 
    "name": "Scorned Villager", 
    "picks": "1", 
    "value": "0.9333333333333333"
  }, 
  {
    "_id": "5d755d81846f3a19d8b4df9d", 
    "name": "Genesis Wave", 
    "picks": "1", 
    "value": "0.9333333333333333"
  }, 
  {
    "_id": "5d755d81846f3a19d8b4df9e", 
    "name": "Simic Sky Swallower", 
    "picks": "1", 
    "value": "1"
  }, 
  {
    "_id": "5d755f02846f3a19d8b4e3dc", 
    "name": "Rakdos's Return", 
    "picks": "1", 
    "value": "0.06666666666666667"
  }, 
  {
    "_id": "5d755f03846f3a19d8b4e3dd", 
    "name": "Mindblade Render", 
    "picks": "1", 
    "value": "0.13333333333333333"
  }, 
  {
    "_id": "5d755f03846f3a19d8b4e3de", 
    "name": "Sheltered Thicket", 
    "picks": "1", 
    "value": "0.2"
  }, 
  {
    "_id": "5d755f03846f3a19d8b4e3df", 
    "name": "Scattered Groves", 
    "picks": "1", 
    "value": "0.26666666666666666"
  }, 
  {
    "_id": "5d755f03846f3a19d8b4e3e0", 
    "name": "Thing in the Ice", 
    "picks": "1", 
    "value": "0.3333333333333333"
  }, 
  {
    "_id": "5d755f03846f3a19d8b4e3e1", 
    "name": "Creeping Tar Pit", 
    "picks": "1", 
    "value": "0.4666666666666667"
  }, 
  {
    "_id": "5d755f04846f3a19d8b4e3e2", 
    "name": "Disallow", 
    "picks": "1", 
    "value": "0.4666666666666667"
  }, 
  {
    "_id": "5d755f04846f3a19d8b4e3e3", 
    "name": "Talisman of Dominance", 
    "picks": "1", 
    "value": "0.5333333333333333"
  }, 
  {
    "_id": "5d755f04846f3a19d8b4e3e4", 
    "name": "Incubation Druid", 
    "picks": "1", 
    "value": "0.6"
  }, 
  {
    "_id": "5d755f04846f3a19d8b4e3e5", 
    "name": "Talisman of Hierarchy", 
    "picks": "1", 
    "value": "0.7333333333333333"
  }, 
  {
    "_id": "5d755f04846f3a19d8b4e3e6", 
    "name": "Zurgo Bellstriker", 
    "picks": "1", 
    "value": "0.7333333333333333"
  }, 
  {
    "_id": "5d755f04846f3a19d8b4e3e7", 
    "name": "Goblin Bombardment", 
    "picks": "1", 
    "value": "0.8666666666666667"
  }, 
  {
    "_id": "5d755f05846f3a19d8b4e3e8", 
    "name": "Shambling Vent", 
    "picks": "1", 
    "value": "0.9333333333333333"
  }, 
  {
    "_id": "5d755f05846f3a19d8b4e3e9", 
    "name": "Oust", 
    "picks": "1", 
    "value": "0.9333333333333333"
  }, 
  {
    "_id": "5d755f05846f3a19d8b4e3ea", 
    "name": "Garruk, Apex Predator", 
    "picks": "1", 
    "value": "0.06666666666666667"
  }, 
  {
    "_id": "5d755f05846f3a19d8b4e3eb", 
    "name": "Incinerate", 
    "picks": "1", 
    "value": "0.13333333333333333"
  }, 
  {
    "_id": "5d755f06846f3a19d8b4e3ec", 
    "name": "Wheel of Fortune", 
    "picks": "1", 
    "value": "0.2"
  }, 
  {
    "_id": "5d755f06846f3a19d8b4e3ed", 
    "name": "Preordain", 
    "picks": "1", 
    "value": "0.26666666666666666"
  }, 
  {
    "_id": "5d755f06846f3a19d8b4e3ee", 
    "name": "Inferno Titan", 
    "picks": "1", 
    "value": "0.3333333333333333"
  }, 
  {
    "_id": "5d755f06846f3a19d8b4e3ef", 
    "name": "Wrath of God", 
    "picks": "1", 
    "value": "0.4"
  }, 
  {
    "_id": "5d755f06846f3a19d8b4e3f0", 
    "name": "Rakdos Cackler", 
    "picks": "1", 
    "value": "0.5333333333333333"
  }, 
  {
    "_id": "5d755f07846f3a19d8b4e3f1", 
    "name": "Doom Blade", 
    "picks": "1", 
    "value": "0.6"
  }, 
  {
    "_id": "5d755f07846f3a19d8b4e3f2", 
    "name": "Jace Beleren", 
    "picks": "1", 
    "value": "0.6666666666666666"
  }, 
  {
    "_id": "5d755f07846f3a19d8b4e3f3", 
    "name": "Pact of Negation", 
    "picks": "1", 
    "value": "0.7333333333333333"
  }, 
  {
    "_id": "5d755f07846f3a19d8b4e3f4", 
    "name": "Gonti, Lord of Luxury", 
    "picks": "1", 
    "value": "0.8"
  }, 
  {
    "_id": "5d755f07846f3a19d8b4e3f5", 
    "name": "Gideon of the Trials", 
    "picks": "1", 
    "value": "0.8666666666666667"
  }, 
  {
    "_id": "5d755f07846f3a19d8b4e3f6", 
    "name": "Llanowar Elves", 
    "picks": "1", 
    "value": "0.9333333333333333"
  }, 
  {
    "_id": "5d755f08846f3a19d8b4e3f7", 
    "name": "Leovold, Emissary of Trest", 
    "picks": "1", 
    "value": "1"
  }, 
  {
    "_id": "5d755f08846f3a19d8b4e3f8", 
    "name": "Cascade Bluffs", 
    "picks": "1", 
    "value": "0.06666666666666667"
  }, 
  {
    "_id": "5d755f08846f3a19d8b4e3f9", 
    "name": "Ancestral Vision", 
    "picks": "1", 
    "value": "0.13333333333333333"
  }, 
  {
    "_id": "5d755f08846f3a19d8b4e3fa", 
    "name": "Sweltering Suns", 
    "picks": "1", 
    "value": "0.2"
  }, 
  {
    "_id": "5d755f08846f3a19d8b4e3fb", 
    "name": "Falkenrath Aristocrat", 
    "picks": "1", 
    "value": "0.26666666666666666"
  }, 
  {
    "_id": "5d755f09846f3a19d8b4e3fc", 
    "name": "Ajani Vengeant", 
    "picks": "1", 
    "value": "0.3333333333333333"
  }, 
  {
    "_id": "5d755f09846f3a19d8b4e3fd", 
    "name": "Lingering Souls", 
    "picks": "1", 
    "value": "0.4"
  }, 
  {
    "_id": "5d755f09846f3a19d8b4e3fe", 
    "name": "Blade Splicer", 
    "picks": "1", 
    "value": "0.4666666666666667"
  }, 
  {
    "_id": "5d755f09846f3a19d8b4e3ff", 
    "name": "Fetid Pools", 
    "picks": "1", 
    "value": "0.5333333333333333"
  }, 
  {
    "_id": "5d755f09846f3a19d8b4e400", 
    "name": "Scalding Tarn", 
    "picks": "1", 
    "value": "0.6"
  }, 
  {
    "_id": "5d755f09846f3a19d8b4e401", 
    "name": "Vraska, Relic Seeker", 
    "picks": "1", 
    "value": "0.6666666666666666"
  }, 
  {
    "_id": "5d755f0a846f3a19d8b4e402", 
    "name": "Overgrowth", 
    "picks": "1", 
    "value": "0.7333333333333333"
  }, 
  {
    "_id": "5d755f0a846f3a19d8b4e403", 
    "name": "Kalitas, Traitor of Ghet", 
    "picks": "1", 
    "value": "0.8"
  }, 
  {
    "_id": "5d755f0a846f3a19d8b4e404", 
    "name": "Martial Coup", 
    "picks": "1", 
    "value": "0.8666666666666667"
  }, 
  {
    "_id": "5d755f0a846f3a19d8b4e405", 
    "name": "Faith's Fetters", 
    "picks": "1", 
    "value": "1"
  }, 
  {
    "_id": "5d755f0b846f3a19d8b4e406", 
    "name": "Courser of Kruphix", 
    "picks": "1", 
    "value": "1"
  }
]