{"a":{"c":{"c":{"l":{"a":{"i":{"m":{"e":{"d":{" ":{"c":{"o":{"n":{"t":{"e":{"n":{"d":{"e":{"r":{" ":{"[":{"e":{"l":{"d":{"-":{"1":{"]":{"$":{}}}}}}}}}}}}}}}}}}}}}}}}}}},"n":{"i":{"m":{"a":{"t":{"i":{"n":{"g":{" ":{"f":{"a":{"e":{"r":{"i":{"e":{" ":{"[":{"e":{"l":{"d":{"-":{"3":{"8":{"]":{"$":{}}}}}}}}}}}}}}}}}}}}}}}}},"r":{"c":{"a":{"n":{"e":{" ":{"s":{"i":{"g":{"n":{"e":{"t":{" ":{"[":{"e":{"l":{"d":{"-":{"3":{"3":{"1":{"]":{"$":{}}}}}}}}}}}}}}}}}}}}}},"d":{"e":{"n":{"v":{"a":{"l":{"e":{" ":{"t":{"a":{"c":{"t":{"i":{"c":{"i":{"a":{"n":{" ":{"[":{"e":{"l":{"d":{"-":{"5":{"]":{"$":{}}}}}}}}}}}}}}}}}}}}}}}}}}},"y":{"a":{"r":{"a":{",":{" ":{"f":{"i":{"r":{"s":{"t":{" ":{"o":{"f":{" ":{"l":{"o":{"c":{"t":{"h":{"w":{"a":{"i":{"n":{" ":{"[":{"e":{"l":{"d":{"-":{"7":{"5":{"]":{"$":{}}}}}}}}}}}}}}}}}}}}}}}}}}}}}}}}}}},"b":{"e":{"a":{"n":{"s":{"t":{"a":{"l":{"k":{" ":{"g":{"i":{"a":{"n":{"t":{" ":{"[":{"e":{"l":{"d":{"-":{"1":{"4":{"9":{"]":{"$":{}}}}}}}}}}}}}}}}}}}}}}}}},"l":{"a":{"c":{"k":{"l":{"a":{"n":{"c":{"e":{" ":{"p":{"a":{"r":{"a":{"g":{"o":{"n":{" ":{"[":{"e":{"l":{"d":{"-":{"7":{"9":{"]":{"$":{}}}}}}}}}}}}}}}}}}}}}}}}}}},"o":{"n":{"e":{"c":{"r":{"u":{"s":{"h":{"e":{"r":{" ":{"g":{"i":{"a":{"n":{"t":{" ":{"[":{"e":{"l":{"d":{"-":{"1":{"1":{"5":{"]":{"$":{}}}}}}}}}}}}}}}}}}}}}}}}}}},"r":{"a":{"z":{"e":{"n":{" ":{"b":{"o":{"r":{"r":{"o":{"w":{"e":{"r":{" ":{"[":{"e":{"l":{"d":{"-":{"3":{"9":{"]":{"$":{}}}}}}}}}}}}}}}}}}}}}}}}},"c":{"a":{"s":{"t":{"l":{"e":{" ":{"a":{"r":{"d":{"e":{"n":{"v":{"a":{"l":{"e":{" ":{"[":{"e":{"l":{"d":{"-":{"2":{"3":{"8":{"]":{"$":{}}}}}}}}}}}}}}}}}}}},"e":{"m":{"b":{"e":{"r":{"e":{"t":{"h":{" ":{"[":{"e":{"l":{"d":{"-":{"2":{"3":{"9":{"]":{"$":{}}}}}}}}}}}}}}}}}}},"g":{"a":{"r":{"e":{"n":{"b":{"r":{"i":{"g":{" ":{"[":{"e":{"l":{"d":{"-":{"2":{"4":{"0":{"]":{"$":{}}}}}}}}}}}}}}}}}}}},"l":{"o":{"c":{"t":{"h":{"w":{"a":{"i":{"n":{" ":{"[":{"e":{"l":{"d":{"-":{"2":{"4":{"1":{"]":{"$":{}}}}}}}}}}}}}}}}}}}},"v":{"a":{"n":{"t":{"r":{"e":{"s":{"s":{" ":{"[":{"e":{"l":{"d":{"-":{"2":{"4":{"2":{"]":{"$":{}}}}}}}}}}}}}}}}}}}}}}}}},"h":{"a":{"r":{"m":{"i":{"n":{"g":{" ":{"p":{"r":{"i":{"n":{"c":{"e":{" ":{"[":{"e":{"l":{"d":{"-":{"8":{"]":{"$":{}}}}}}}}}}}}}}}}}}}}}}},"l":{"a":{"c":{"k":{"b":{"r":{"i":{"d":{"g":{"e":{" ":{"t":{"r":{"o":{"l":{"l":{" ":{"[":{"e":{"l":{"d":{"-":{"8":{"4":{"]":{"$":{}}}}}}}}}}}}}}}}}}}}}}}}}},"o":{"m":{"m":{"a":{"n":{"d":{" ":{"t":{"o":{"w":{"e":{"r":{" ":{"[":{"e":{"l":{"d":{"-":{"3":{"3":{"3":{"]":{"$":{}}}}}}}}}}}}}}}}}}}}}}},"u":{"r":{"i":{"o":{"u":{"s":{" ":{"p":{"a":{"i":{"r":{" ":{"[":{"e":{"l":{"d":{"-":{"1":{"5":{"0":{"]":{"$":{}}}}}}}}}}}}}}}}}}}}}}},"d":{"a":{"n":{"c":{"e":{" ":{"o":{"f":{" ":{"t":{"h":{"e":{" ":{"m":{"a":{"n":{"s":{"e":{" ":{"[":{"e":{"l":{"d":{"-":{"1":{"8":{"6":{"]":{"$":{}}}}}}}}}}}}}}}}}}}}}}}}}}}},"o":{"o":{"m":{" ":{"f":{"o":{"r":{"e":{"t":{"o":{"l":{"d":{" ":{"[":{"e":{"l":{"d":{"-":{"1":{"8":{"7":{"]":{"$":{}}}}}}}}}}}}}}}}}}}}}}}},"e":{"m":{"b":{"e":{"r":{"c":{"l":{"e":{"a":{"v":{"e":{" ":{"[":{"e":{"l":{"d":{"-":{"1":{"2":{"0":{"]":{"$":{}}}}}}}}}}}}}}}}},"e":{"t":{"h":{" ":{"s":{"h":{"i":{"e":{"l":{"d":{"b":{"r":{"e":{"a":{"k":{"e":{"r":{" ":{"[":{"e":{"l":{"d":{"-":{"1":{"2":{"2":{"]":{"$":{}}}}}}}}}}}}}}}}}}}}}}}}}}}}}}},"r":{"y":{",":{" ":{"l":{"u":{"r":{"k":{"e":{"r":{" ":{"o":{"f":{" ":{"t":{"h":{"e":{" ":{"l":{"o":{"c":{"h":{" ":{"[":{"e":{"l":{"d":{"-":{"4":{"3":{"]":{"$":{}}}}}}}}}}}}}}}}}}}}}}}}}}}}}}}}},"s":{"c":{"a":{"p":{"e":{" ":{"t":{"o":{" ":{"t":{"h":{"e":{" ":{"w":{"i":{"l":{"d":{"s":{" ":{"[":{"e":{"l":{"d":{"-":{"1":{"8":{"9":{"]":{"$":{}}}}}}}}}}}}}}}}}}}}}}}}}}}}}},"f":{"a":{"b":{"l":{"e":{"d":{" ":{"p":{"a":{"s":{"s":{"a":{"g":{"e":{" ":{"[":{"e":{"l":{"d":{"-":{"2":{"4":{"4":{"]":{"$":{}}}}}}}}}}}}}}}}}}}}}}},"e":{" ":{"o":{"f":{" ":{"w":{"i":{"s":{"h":{"e":{"s":{" ":{"[":{"e":{"l":{"d":{"-":{"4":{"4":{"]":{"$":{}}}}}}}}}}}}}}}}}}}},"b":{"u":{"r":{"r":{"o":{"w":{" ":{"e":{"l":{"d":{"e":{"r":{" ":{"[":{"e":{"l":{"d":{"-":{"1":{"9":{"0":{"]":{"$":{}}}}}}}}}}}}}}}}}}}}}}},"r":{"i":{"e":{" ":{"g":{"u":{"i":{"d":{"e":{"m":{"o":{"t":{"h":{"e":{"r":{" ":{"[":{"e":{"l":{"d":{"-":{"1":{"1":{"]":{"$":{}}}}}}}}}}}}}}}}}}}}}}}}}}},"e":{"a":{"s":{"t":{"i":{"n":{"g":{" ":{"t":{"r":{"o":{"l":{"l":{" ":{"k":{"i":{"n":{"g":{" ":{"[":{"e":{"l":{"d":{"-":{"1":{"5":{"2":{"]":{"$":{}}}}}}}}}}}}}}}}}}}}}}}}}}}},"r":{"v":{"e":{"n":{"t":{" ":{"c":{"h":{"a":{"m":{"p":{"i":{"o":{"n":{" ":{"[":{"e":{"l":{"d":{"-":{"1":{"2":{"4":{"]":{"$":{}}}}}}}}}}}}}}}}}}}}}}}}}},"i":{"r":{"e":{"s":{" ":{"o":{"f":{" ":{"i":{"n":{"v":{"e":{"n":{"t":{"i":{"o":{"n":{" ":{"[":{"e":{"l":{"d":{"-":{"1":{"2":{"5":{"]":{"$":{}}}}}}}}}}}}}}}}}}}}}}}}}}}},"l":{"a":{"x":{"e":{"n":{" ":{"i":{"n":{"t":{"r":{"u":{"d":{"e":{"r":{" ":{"[":{"e":{"l":{"d":{"-":{"1":{"5":{"5":{"]":{"$":{}}}}}}}}}}}}}}}}}}}}}}}}},"o":{"l":{"i":{"o":{" ":{"o":{"f":{" ":{"f":{"a":{"n":{"c":{"i":{"e":{"s":{" ":{"[":{"e":{"l":{"d":{"-":{"4":{"6":{"]":{"$":{}}}}}}}}}}}}}}}}}}}}}}}},"u":{"l":{"m":{"i":{"r":{"e":{" ":{"k":{"n":{"i":{"g":{"h":{"t":{" ":{"[":{"e":{"l":{"d":{"-":{"9":{"0":{"]":{"$":{}}}}}}}}}}}}}}}}}}}}}}}}},"g":{"a":{"d":{"w":{"i":{"c":{"k":{",":{" ":{"t":{"h":{"e":{" ":{"w":{"i":{"z":{"e":{"n":{"e":{"d":{" ":{"[":{"e":{"l":{"d":{"-":{"4":{"8":{"]":{"$":{}}}}}}}}}}}}}}}}}}}}}}}}}}}},"r":{"e":{"n":{"b":{"r":{"i":{"g":{" ":{"c":{"a":{"r":{"v":{"e":{"r":{" ":{"[":{"e":{"l":{"d":{"-":{"1":{"5":{"6":{"]":{"$":{}}}}}}}}}}}}}}}}}}}}}}}},"r":{"u":{"k":{",":{" ":{"c":{"u":{"r":{"s":{"e":{"d":{" ":{"h":{"u":{"n":{"t":{"s":{"m":{"a":{"n":{" ":{"[":{"e":{"l":{"d":{"-":{"1":{"9":{"1":{"]":{"$":{}}}}}}}}}}}}}}}}}}}}}}}}}}}}}}}}},"i":{"a":{"n":{"t":{" ":{"k":{"i":{"l":{"l":{"e":{"r":{" ":{"[":{"e":{"l":{"d":{"-":{"1":{"4":{"]":{"$":{}}}}}}}}}}}}}}}}}}}},"l":{"d":{"e":{"d":{" ":{"g":{"o":{"o":{"s":{"e":{" ":{"[":{"e":{"l":{"d":{"-":{"1":{"6":{"0":{"]":{"$":{}}}}}}}}}}}}}}}}}}}}}},"l":{"a":{"s":{"s":{" ":{"c":{"a":{"s":{"k":{"e":{"t":{" ":{"[":{"e":{"l":{"d":{"-":{"1":{"5":{"]":{"$":{}}}}}}}}}}}}}}}}}}}}}},"h":{"a":{"p":{"p":{"i":{"l":{"y":{" ":{"e":{"v":{"e":{"r":{" ":{"a":{"f":{"t":{"e":{"r":{" ":{"[":{"e":{"l":{"d":{"-":{"1":{"6":{"]":{"$":{}}}}}}}}}}}}}}}}}}}}}}}}}},"r":{"m":{"o":{"n":{"i":{"o":{"u":{"s":{" ":{"a":{"r":{"c":{"h":{"o":{"n":{" ":{"[":{"e":{"l":{"d":{"-":{"1":{"7":{"]":{"$":{}}}}}}}}}}}}}}}}}}}}}}}}}},"u":{"s":{"h":{"b":{"r":{"i":{"n":{"g":{"e":{"r":{" ":{"[":{"e":{"l":{"d":{"-":{"1":{"8":{"]":{"$":{}}}}}}}}}}}}}}}}}}}},"y":{"p":{"n":{"o":{"t":{"i":{"c":{" ":{"s":{"p":{"r":{"i":{"t":{"e":{" ":{"[":{"e":{"l":{"d":{"-":{"4":{"9":{"]":{"$":{}}}}}}}}}}}}}}}}}}}}}}}}},"i":{"m":{"p":{"r":{"o":{"b":{"a":{"b":{"l":{"e":{" ":{"a":{"l":{"l":{"i":{"a":{"n":{"c":{"e":{" ":{"[":{"e":{"l":{"d":{"-":{"1":{"9":{"3":{"]":{"$":{}}}}}}}}}}}}}}}}}}}}}}}}}}}}},"n":{"s":{"p":{"i":{"r":{"i":{"n":{"g":{" ":{"v":{"e":{"t":{"e":{"r":{"a":{"n":{" ":{"[":{"e":{"l":{"d":{"-":{"1":{"9":{"4":{"]":{"$":{}}}}}}}}}}}}}}}}}}}}}}}}}}},"r":{"e":{"n":{"c":{"r":{"a":{"g":{" ":{"f":{"e":{"a":{"t":{" ":{"[":{"e":{"l":{"d":{"-":{"1":{"2":{"7":{"]":{"$":{}}}}}}}}}}}}}}},"p":{"y":{"r":{"o":{"m":{"a":{"n":{"c":{"e":{"r":{" ":{"[":{"e":{"l":{"d":{"-":{"1":{"2":{"8":{"]":{"$":{}}}}}}}}}}}}}}}}}}}}}}}}}}}}}},"k":{"e":{"n":{"r":{"i":{"t":{"h":{"'":{"s":{" ":{"t":{"r":{"a":{"n":{"s":{"f":{"o":{"r":{"m":{"a":{"t":{"i":{"o":{"n":{" ":{"[":{"e":{"l":{"d":{"-":{"1":{"6":{"4":{"]":{"$":{}}}}}}}}}}}}}}}}}}}}}}}}}}}}}}}}}}},"l":{"i":{"n":{"d":{"e":{"n":{",":{" ":{"t":{"h":{"e":{" ":{"s":{"t":{"e":{"a":{"d":{"f":{"a":{"s":{"t":{" ":{"q":{"u":{"e":{"e":{"n":{" ":{"[":{"e":{"l":{"d":{"-":{"2":{"0":{"]":{"$":{}}}}}}}}}}}}}}}}}}}}}}}}}}}}}}}}}}}},"o":{"c":{"h":{"m":{"e":{"r":{"e":{" ":{"s":{"e":{"r":{"p":{"e":{"n":{"t":{" ":{"[":{"e":{"l":{"d":{"-":{"1":{"9":{"5":{"]":{"$":{}}}}}}}}}}}}}}}}}}}}}}}}},"n":{"e":{"s":{"o":{"m":{"e":{" ":{"u":{"n":{"i":{"c":{"o":{"r":{"n":{" ":{"[":{"e":{"l":{"d":{"-":{"2":{"1":{"]":{"$":{}}}}}}}}}}}}}}}}}}}}}}}},"v":{"e":{"s":{"t":{"r":{"u":{"c":{"k":{" ":{"b":{"e":{"a":{"s":{"t":{" ":{"[":{"e":{"l":{"d":{"-":{"1":{"6":{"5":{"]":{"$":{}}}}}}}}}}}}}}}}}}}}}}}}}}},"m":{"e":{"r":{"c":{"h":{"a":{"n":{"t":{" ":{"o":{"f":{" ":{"t":{"h":{"e":{" ":{"v":{"a":{"l":{"e":{" ":{"[":{"e":{"l":{"d":{"-":{"1":{"3":{"1":{"]":{"$":{}}}}}}}}}}}}}}}}}}}}}}}}}}}},"f":{"o":{"l":{"k":{" ":{"s":{"e":{"c":{"r":{"e":{"t":{"k":{"e":{"e":{"p":{"e":{"r":{" ":{"[":{"e":{"l":{"d":{"-":{"5":{"3":{"]":{"$":{}}}}}}}}}}}}}}}}}}}}}}}}}}}}},"i":{"d":{"n":{"i":{"g":{"h":{"t":{" ":{"c":{"l":{"o":{"c":{"k":{" ":{"[":{"e":{"l":{"d":{"-":{"5":{"4":{"]":{"$":{}}}}}}}}}}}}}}}}}}}}}},"r":{"r":{"o":{"r":{"m":{"a":{"d":{"e":{" ":{"[":{"e":{"l":{"d":{"-":{"5":{"5":{"]":{"$":{}}}}}}}}}}}}}}}}}}},"u":{"r":{"d":{"e":{"r":{"o":{"u":{"s":{" ":{"r":{"i":{"d":{"e":{"r":{" ":{"[":{"e":{"l":{"d":{"-":{"9":{"7":{"]":{"$":{}}}}}}}}}}}}}}}}}}}}}}}}},"o":{"a":{"k":{"h":{"a":{"m":{"e":{" ":{"r":{"a":{"n":{"g":{"e":{"r":{" ":{"[":{"e":{"l":{"d":{"-":{"2":{"1":{"2":{"]":{"$":{}}}}}}}}}}}}}}}}}}}}}}},"t":{"h":{"s":{"w":{"o":{"r":{"n":{" ":{"k":{"n":{"i":{"g":{"h":{"t":{" ":{"[":{"e":{"l":{"d":{"-":{"9":{"8":{"]":{"$":{}}}}}}}}}}}}}}}}}}}}}}}}},"k":{"o":{",":{" ":{"t":{"h":{"i":{"e":{"f":{" ":{"o":{"f":{" ":{"c":{"r":{"o":{"w":{"n":{"s":{" ":{"[":{"e":{"l":{"d":{"-":{"1":{"9":{"7":{"]":{"$":{}}}}}}}}}}}}}}}}}}}}}}}}}}}}}},"n":{"c":{"e":{" ":{"u":{"p":{"o":{"n":{" ":{"a":{" ":{"t":{"i":{"m":{"e":{" ":{"[":{"e":{"l":{"d":{"-":{"1":{"6":{"9":{"]":{"$":{}}}}}}}}}}}}}}}}}}}}}}}}}},"p":{"p":{"o":{"r":{"t":{"u":{"n":{"i":{"s":{"t":{"i":{"c":{" ":{"d":{"r":{"a":{"g":{"o":{"n":{" ":{"[":{"e":{"l":{"d":{"-":{"1":{"3":{"3":{"]":{"$":{}}}}}}}}}}}}}}}}}}}}}}}}}}}}}},"r":{"d":{"e":{"r":{" ":{"o":{"f":{" ":{"m":{"i":{"d":{"n":{"i":{"g":{"h":{"t":{" ":{"[":{"e":{"l":{"d":{"-":{"9":{"9":{"]":{"$":{}}}}}}}}}}}}}}}}}}}}}}}}}},"u":{"t":{"l":{"a":{"w":{"s":{"'":{" ":{"m":{"e":{"r":{"r":{"i":{"m":{"e":{"n":{"t":{" ":{"[":{"e":{"l":{"d":{"-":{"1":{"9":{"8":{"]":{"$":{}}}}}}}}}}}}}}}}}}}}}}}}}}}}},"p":{"i":{"p":{"e":{"r":{" ":{"o":{"f":{" ":{"t":{"h":{"e":{" ":{"s":{"w":{"a":{"r":{"m":{" ":{"[":{"e":{"l":{"d":{"-":{"1":{"0":{"0":{"]":{"$":{}}}}}}}}}}}}}}}}}}}}}}}}}}}}},"q":{"u":{"e":{"e":{"n":{" ":{"o":{"f":{" ":{"i":{"c":{"e":{" ":{"[":{"e":{"l":{"d":{"-":{"6":{"1":{"]":{"$":{}}}}}}}}}}}}}}}}}}},"s":{"t":{"i":{"n":{"g":{" ":{"b":{"e":{"a":{"s":{"t":{" ":{"[":{"e":{"l":{"d":{"-":{"1":{"7":{"1":{"]":{"$":{}}}}}}}}}}}}}}}}}}}}}}}}},"r":{"a":{"n":{"k":{"l":{"e":{",":{" ":{"m":{"a":{"s":{"t":{"e":{"r":{" ":{"o":{"f":{" ":{"p":{"r":{"a":{"n":{"k":{"s":{" ":{"[":{"e":{"l":{"d":{"-":{"1":{"0":{"1":{"]":{"$":{}}}}}}}}}}}}}}}}}}}}}}}}}}}}}}}}}},"e":{"a":{"l":{"m":{"-":{"c":{"l":{"o":{"a":{"k":{"e":{"d":{" ":{"g":{"i":{"a":{"n":{"t":{" ":{"[":{"e":{"l":{"d":{"-":{"2":{"6":{"]":{"$":{}}}}}}}}}}}}}}}}}}}}}}}}}},"p":{"e":{"r":{" ":{"o":{"f":{" ":{"n":{"i":{"g":{"h":{"t":{" ":{"[":{"e":{"l":{"d":{"-":{"1":{"0":{"2":{"]":{"$":{}}}}}}}}}}}}}}}}}}}}}}}},"t":{"u":{"r":{"n":{" ":{"o":{"f":{" ":{"t":{"h":{"e":{" ":{"w":{"i":{"l":{"d":{"s":{"p":{"e":{"a":{"k":{"e":{"r":{" ":{"[":{"e":{"l":{"d":{"-":{"1":{"7":{"2":{"]":{"$":{}}}}}}}}}}}}}}}}}}}}}}}}}}}}}}}}}}},"i":{"m":{"r":{"o":{"c":{"k":{" ":{"k":{"n":{"i":{"g":{"h":{"t":{" ":{"[":{"e":{"l":{"d":{"-":{"1":{"3":{"7":{"]":{"$":{}}}}}}}}}}}}}}}}}}}}}}}},"o":{"b":{"b":{"e":{"r":{" ":{"o":{"f":{" ":{"t":{"h":{"e":{" ":{"r":{"i":{"c":{"h":{" ":{"[":{"e":{"l":{"d":{"-":{"1":{"3":{"8":{"]":{"$":{}}}}}}}}}}}}}}}}}}}}}}}}}}},"s":{"e":{"t":{"h":{"o":{"r":{"n":{" ":{"a":{"c":{"o":{"l":{"y":{"t":{"e":{" ":{"[":{"e":{"l":{"d":{"-":{"1":{"7":{"4":{"]":{"$":{}}}}}}}}}}}}}}}}}}}}}}}}}}}},"s":{"h":{"e":{"p":{"h":{"e":{"r":{"d":{" ":{"o":{"f":{" ":{"t":{"h":{"e":{" ":{"f":{"l":{"o":{"c":{"k":{" ":{"[":{"e":{"l":{"d":{"-":{"2":{"8":{"]":{"$":{}}}}}}}}}}}}}}}}}}}}}}}}}}}}}},"i":{"l":{"v":{"e":{"r":{"f":{"l":{"a":{"m":{"e":{" ":{"s":{"q":{"u":{"i":{"r":{"e":{" ":{"[":{"e":{"l":{"d":{"-":{"3":{"1":{"]":{"$":{}}}}}}}}}}}}}}}}}}}}}}}}}}},"l":{"a":{"y":{"i":{"n":{"g":{" ":{"f":{"i":{"r":{"e":{" ":{"[":{"e":{"l":{"d":{"-":{"1":{"4":{"3":{"]":{"$":{}}}}}}}}}}}}}}}}}}}}}},"m":{"i":{"t":{"t":{"e":{"n":{" ":{"s":{"w":{"o":{"r":{"d":{"m":{"a":{"s":{"t":{"e":{"r":{" ":{"[":{"e":{"l":{"d":{"-":{"1":{"0":{"5":{"]":{"$":{}}}}}}}}}}}}}}}}}}}}}}}}}}}}},"o":{"r":{"c":{"e":{"r":{"o":{"u":{"s":{" ":{"s":{"p":{"y":{"g":{"l":{"a":{"s":{"s":{" ":{"[":{"e":{"l":{"d":{"-":{"2":{"3":{"3":{"]":{"$":{}}}}}}}}},"x":{"l":{"n":{"-":{"2":{"4":{"8":{"]":{"$":{}}}}}}}}}}}}}}}}}}}}}}}}}}}},"t":{"o":{"l":{"e":{"n":{" ":{"b":{"y":{" ":{"t":{"h":{"e":{" ":{"f":{"a":{"e":{" ":{"[":{"e":{"l":{"d":{"-":{"6":{"6":{"]":{"$":{}}}}}}}}}}}}}}}}}}}}}}}},"n":{"e":{"c":{"o":{"i":{"l":{" ":{"s":{"e":{"r":{"p":{"e":{"n":{"t":{" ":{"[":{"e":{"l":{"d":{"-":{"2":{"3":{"5":{"]":{"$":{}}}}}}}}}}}}}}}}}}}}}}}}},"r":{"m":{"f":{"i":{"s":{"t":{" ":{"c":{"r":{"u":{"s":{"a":{"d":{"e":{"r":{" ":{"[":{"e":{"l":{"d":{"-":{"2":{"0":{"3":{"]":{"$":{}}}}}}}}}}}}}}}}}}}}}}}}}}}},"u":{"n":{"d":{"e":{"r":{"i":{"n":{"g":{" ":{"s":{"t":{"r":{"o":{"k":{"e":{" ":{"[":{"e":{"l":{"d":{"-":{"1":{"4":{"4":{"]":{"$":{}}}}}}}}}}}}}}}}}}}}}}}}}}},"t":{"h":{"e":{" ":{"c":{"a":{"u":{"l":{"d":{"r":{"o":{"n":{" ":{"o":{"f":{" ":{"e":{"t":{"e":{"r":{"n":{"i":{"t":{"y":{" ":{"[":{"e":{"l":{"d":{"-":{"8":{"2":{"]":{"$":{}}}}}}}}}}}}}}}}}}}}}}}}}}}}},"i":{"r":{"c":{"l":{"e":{" ":{"o":{"f":{" ":{"l":{"o":{"y":{"a":{"l":{"t":{"y":{" ":{"[":{"e":{"l":{"d":{"-":{"9":{"]":{"$":{}}}}}}}}}}}}}}}}}}}}}}}}}},"g":{"r":{"e":{"a":{"t":{" ":{"h":{"e":{"n":{"g":{"e":{" ":{"[":{"e":{"l":{"d":{"-":{"1":{"6":{"1":{"]":{"$":{}}}}}}}}}}}}}}}}}}}}}},"m":{"a":{"g":{"i":{"c":{" ":{"m":{"i":{"r":{"r":{"o":{"r":{" ":{"[":{"e":{"l":{"d":{"-":{"5":{"1":{"]":{"$":{}}}}}}}}}}}}}}}}}}}}}},"r":{"o":{"y":{"a":{"l":{" ":{"s":{"c":{"i":{"o":{"n":{"s":{" ":{"[":{"e":{"l":{"d":{"-":{"1":{"9":{"9":{"]":{"$":{}}}}}}}}}}}}}}}}}}}}}}}}}},"o":{"m":{"e":{" ":{"o":{"f":{" ":{"l":{"e":{"g":{"e":{"n":{"d":{"s":{" ":{"[":{"e":{"l":{"d":{"-":{"3":{"3":{"2":{"]":{"$":{}}}}}}}}}}}}}}}}}}}}}}}},"r":{"b":{"r":{"a":{"n":{",":{" ":{"t":{"h":{"a":{"n":{"e":{" ":{"o":{"f":{" ":{"r":{"e":{"d":{" ":{"f":{"e":{"l":{"l":{" ":{"[":{"e":{"l":{"d":{"-":{"1":{"4":{"7":{"]":{"$":{}}}}}}}}}}}}}}}}}}}}}}}}}}}}}}}}}}}},"u":{"i":{"n":{"v":{"a":{"l":{"e":{" ":{"t":{"r":{"e":{"e":{"f":{"o":{"l":{"k":{" ":{"[":{"e":{"l":{"d":{"-":{"1":{"8":{"0":{"]":{"$":{}}}}}}}}}}}}}}}}}}}}}}}}}}}},"v":{"a":{"n":{"t":{"r":{"e":{"s":{"s":{" ":{"g":{"a":{"r":{"g":{"o":{"y":{"l":{"e":{" ":{"[":{"e":{"l":{"d":{"-":{"7":{"1":{"]":{"$":{}}}}}}}}}}}}}}}}}}}}}}}}}}},"w":{"i":{"c":{"k":{"e":{"d":{" ":{"w":{"o":{"l":{"f":{" ":{"[":{"e":{"l":{"d":{"-":{"1":{"8":{"1":{"]":{"$":{}}}}}}}}}}}}}}}}}}}},"l":{"d":{"b":{"o":{"r":{"n":{" ":{"p":{"r":{"e":{"s":{"e":{"r":{"v":{"e":{"r":{" ":{"[":{"e":{"l":{"d":{"-":{"1":{"8":{"2":{"]":{"$":{}}}}}}}}}}}}}}}}}}}}}}}}}}},"s":{"h":{"c":{"l":{"a":{"w":{" ":{"t":{"a":{"l":{"i":{"s":{"m":{"a":{"n":{" ":{"[":{"e":{"l":{"d":{"-":{"1":{"1":{"0":{"]":{"$":{}}}}}}}}}}}}}}}}}}}}}}}}}},"t":{"c":{"h":{"'":{"s":{" ":{"v":{"e":{"n":{"g":{"e":{"a":{"n":{"c":{"e":{" ":{"[":{"e":{"l":{"d":{"-":{"1":{"1":{"1":{"]":{"$":{}}}}}}}}}}}}}}}}}}}}}}}}}}},"o":{"r":{"t":{"h":{"y":{" ":{"k":{"n":{"i":{"g":{"h":{"t":{" ":{"[":{"e":{"l":{"d":{"-":{"3":{"6":{"]":{"$":{}}}}}}}}}}}}}}}}}}}}}}},"y":{"o":{"r":{"v":{"o":{",":{" ":{"l":{"o":{"r":{"d":{" ":{"o":{"f":{" ":{"g":{"a":{"r":{"e":{"n":{"b":{"r":{"i":{"g":{" ":{"[":{"e":{"l":{"d":{"-":{"1":{"8":{"5":{"]":{"$":{}}}}}}}}}}}}}}}}}}}}}}}}}}}}}}}}}}}}