{"inspiring veteran":["0c3f372d-259d-4a31-9491-2d369b3f3f8b"],"improbable alliance":["0461867b-ec35-4d37-a398-5247e06c4afe"],"kenrith's transformation":["6da7cd39-1f8a-4f68-adb7-df2beac02263"],"slaying fire":["83b5b110-c430-4ffe-9fc1-8e6987f52d1e"],"glass casket":["562f1c51-d245-4771-bf61-415297e4f9d5"],"piper of the swarm":["0a7962fe-b715-4981-86c3-223bad9b1899"],"fabled passage":["b841bfa8-7c17-4df2-8466-780ab9a4a53a"],"castle vantress":["0a8b9d37-e89c-44ad-bd1b-51cb06ec3e0b"],"castle locthwain":["195383c1-4723-40b0-ba53-298dfd8e30d0"],"castle garenbrig":["e3c2c66c-f7f0-41d5-a805-a129aeaf1b75"],"castle embereth":["8bb8512e-6913-4be6-8828-24cfcbec042e"],"castle ardenvale":["7f910495-8bd7-4134-a281-c16fd666d5cc"],"stonecoil serpent":["b34bf7fd-9fe3-43e2-8cfe-7ce7cff08afe"],"sorcerous spyglass":["e47e85d1-8c4a-43a9-92b3-7cb2a5b89219","85506a24-8d60-475c-9f43-65994caca7d4"],"stormfist crusader":["27425f2e-e0b2-489d-877d-8257d2026bfd"],"outlaws' merriment":["5d7585ab-a364-471c-8ef1-318e459b4020"],"lochmere serpent":["3287beea-747c-4cb6-aea5-051e85c5de8d"],"faeburrow elder":["1ca29912-88b1-413f-ad9d-63d7d1b1ca16"],"escape to the wilds":["3e26c10b-179f-4a6e-bc8d-3ec1d6783fb9"],"doom foretold":["e76c0c83-3e87-474d-bc72-1677eed32cfa"],"dance of the manse":["5dca90ef-1c17-4dcc-9fef-dab9ee92f590"],"yorvo, lord of garenbrig":["ae2998a1-1713-467e-a08e-0efd8720aa5b"],"wildborn preserver":["55f76830-369e-4224-9ded-7d1ce04c87e4"],"wicked wolf":["09476eac-55d2-4955-8951-ae4ce117c98b"],"return of the wildspeaker":["b88a4943-bd1b-4d10-9cd3-b2ab91b25c10"],"questing beast":["e41cf82d-3213-47ce-a015-6e51a8b07e4f"],"once upon a time":["4034e5ba-9974-43e3-bde7-8d9b4586c3a4"],"the great henge":["af915ed2-1f34-43f6-85f5-2430325b720f"],"gilded goose":["30377bf0-d9b1-4c14-8dde-f74b1e02d604"],"feasting troll king":["9a6bb435-1205-416a-a5a0-ca6d37b4dcb2"],"torbran, thane of red fell":["79f591cd-d277-4ba5-b1bf-1c09cac9cb8a"],"sundering stroke":["24b7a774-ca49-4291-8a19-cb5e475b10d5"],"robber of the rich":["0ecbe097-ba51-42e5-957c-382eb66c08f0"],"opportunistic dragon":["3fa16922-3583-4f5b-8805-509b95a8da49"],"irencrag pyromancer":["9a7b0ead-5629-429d-bede-8154f3fae96d"],"irencrag feat":["b5bcf822-e129-45f6-9403-310ce9410f3b"],"fires of invention":["a12b16b0-f75f-42d8-9b24-947c1908e0f7"],"fervent champion":["c52d66db-5570-48a1-99cf-e0417517747b"],"embercleave":["aaae15dd-11b6-4421-99e9-365c7fe4a5d6"],"witch's vengeance":["dbf16457-3444-4130-b220-834b69d9faa3"],"wishclaw talisman":["07c17b01-ee5d-491a-8403-b3f819b778c4"],"rankle, master of pranks":["93c2c11d-dfc3-4ba9-8c0f-a98114090396"],"oathsworn knight":["9173ffda-1d3b-4dab-8dcb-de44717de464"],"clackbridge troll":["85929131-4df6-415c-b592-aefb2943c477"],"the cauldron of eternity":["eb69473f-de99-43a7-b094-429465ae735c"],"blacklance paragon":["fe0a63bb-dd94-429f-aa9b-21f3d1c53ae5"],"ayara, first of locthwain":["ed0ace28-9a33-4f0d-b8c8-f5517f20ccf1"],"vantress gargoyle":["daff1c8d-0f25-4bec-bd50-208ae2ac0aac"],"stolen by the fae":["a98a7698-57fb-41f6-86d4-251c7d444c6a"],"mirrormade":["a10c1407-d397-4caa-b7b7-e7d91ffd4ee9"],"midnight clock":["0f7f1148-7b1b-4969-a2f8-428de1e2e8ff"],"the magic mirror":["08b89af1-7b22-4153-b42d-a2ea4e0f320c"],"gadwick, the wizened":["62ddce0d-f22a-4fcd-9a4a-d71938750ba1"],"folio of fancies":["6afc67d1-1018-4a15-ab5f-377fd11dcd3d"],"emry, lurker of the loch":["bf4b9a8a-b42a-46fb-b0d0-9cf800f63c8a"],"worthy knight":["4b2bde2d-e5df-407e-993c-85880dbb6045"],"linden, the steadfast queen":["fa3ab467-be97-4b84-a73d-b03484d06b97"],"hushbringer":["663b3e6f-1099-4de8-a0a7-6f1919c38010"],"harmonious archon":["c7093834-9627-4da2-9322-c03bfd5b3a71"],"happily ever after":["d32d85d5-a6f0-4cc5-9fd6-6b329aae2e5b"],"the circle of loyalty":["79093d00-362d-4d07-8a0a-cf5e1ccf9c0f"],"charming prince":["dcb94950-3f3e-4876-84f8-d5e4d9cfecee"],"acclaimed contender":["fb6b12e7-bb93-4eb6-bad1-b256a6ccff4e"],"oakhame ranger":["8a665794-513f-4f78-92c9-1844ec27c79c"],"tuinvale treefolk":["8bc518fc-904e-4e39-aeda-ffb222bfcc82"],"rosethorn acolyte":["2a0d430f-da84-4752-940c-8457c525aac9"],"lovestruck beast":["4ccdef9c-1e85-4358-8059-8972479f7556"],"garenbrig carver":["194b7a1c-291a-470e-9a40-61b72a46793b"],"flaxen intruder":["06bd1ad2-fb5d-4aef-87d1-13a341c686fa"],"curious pair":["7f78a570-d776-42f2-a609-6da0156c8de7"],"beanstalk giant":["a66f5ea7-ddbb-4b89-b812-77bd17972cf9"],"rimrock knight":["a3d13d84-01e4-4429-93db-e5afff811527"],"merchant of the vale":["0b4399b6-e67f-40d8-8676-f5db7e04a6c9"],"embereth shieldbreaker":["6cc73d16-5ed7-4104-91f6-0997a2080e2e"],"bonecrusher giant":["09fd2d9c-1793-4beb-a3fb-7a869f660cd4"],"smitten swordmaster":["f82541f2-b17c-45b4-87ff-f9b46d23578c"],"reaper of night":["4dc774b4-3f70-4351-b1b8-8a0193cb3a50"],"order of midnight":["330cc452-4382-401d-9432-ac27ae6e27ad"],"murderous rider":["e73d8a84-2c0d-423c-89c7-71de0af9e1ac"],"foulmire knight":["c5f6c745-e46a-42eb-8eca-b7b74ab1245e"],"queen of ice":["de2f964a-e4e1-4321-92ad-34b781868e11"],"merfolk secretkeeper":["ceb7308d-608c-4ede-9496-d795fc5bb271"],"hypnotic sprite":["7acbd812-b994-4e68-8f95-04222796e994"],"fae of wishes":["e3435fd6-8f51-4d99-a278-4ddb088acfe1"],"brazen borrower":["c2089ec9-0665-448f-bfe9-d181de127814"],"animating faerie":["32158458-42eb-41bc-a15a-11af28463eb0"],"silverflame squire":["7bd105f3-fa33-4490-aea9-b47ca121b664"],"shepherd of the flock":["c0b4f0ce-0d18-4546-803d-94a2f4f30951"],"realm-cloaked giant":["9e5c8cf1-1d7c-49e5-bfad-7e13c418118f"],"lonesome unicorn":["99083707-2152-42c0-b5c3-b4f97ec20190"],"giant killer":["75754468-2850-42e6-ab22-61ff7b9d1214"],"faerie guidemother":["e8bbece8-9620-44d9-b991-350fe952538a"],"ardenvale tactician":["c7d5e394-8e41-442e-ae97-a478a61e1b9d"],"the royal scions":["6a7111f3-01a6-4311-bc08-036a1fba60f5"],"oko, thief of crowns":["3462a3d0-5552-49fa-9eb7-100960c55891"],"garruk, cursed huntsman":["abef512f-8f1d-4257-b16f-c0eed58670ec"],"command tower":["ec1f1041-f667-4b73-b1f2-e5bcae84095e"],"tome of legends":["040301e8-20c1-4f4c-8766-d05f11415efd"],"arcane signet":["84128e98-87d6-4c2f-909b-9435a7833e63"]}